source	source_version	role	status	binary_architectures	repository_full_name	ref_kind	ref_name	commit_sha	tree_sha	match_scope
accountsservice	0.6.55-3+grm3u1	rebuild-arm64	resolved	amd64	gooroom/accountsservice	branch	gooroom-3.0	706c15ce56c8facdad9733989d305840ad109de8	4efcdc4c26fe2ca5bfc4d009e0ab918fbf06f91d	ref-tip
adduser	3.118+grm3u1	reuse-all	resolved	all	gooroom/adduser	branch	gooroom-3.0	e87eca4c870601b171882bd07f5a90ce866b5e70	b0d2c9f5aa79935f585634ad8a3440a9649a1298	ref-tip
arc-icon-theme	20161113+grm3u1	reuse-all	ambiguous-exact-version	all						
arc-theme	20200513-1+grm2u1+han3u2	reuse-all	unresolved-version	all						
celluloid	0.20-2+grm3u6	rebuild-arm64	resolved	all,amd64	gooroom/celluloid	branch	gooroom-3.0	a9189cb213707e644db1cd6bf64d4961011eb1de	23fece2fc9e01cc75e10884e0206f3fd09982804	ref-tip
cups-pk-helper	0.2.6-1ubuntu3+grm3u1	rebuild-arm64	resolved	amd64	gooroom/cups-pk-helper	branch	gooroom-3.0	17d63a2c1b4777af75ab92885d53ba0bdfa351fb	ffd6553d22896794bf862b89e54778fd03ad2e57	ref-tip
debian-system-adjustments	3.2.1+grm3u1	reuse-all	resolved	all	gooroom/debian-system-adjustments	branch	master	a6a0f5177684ecc172799192a21da63597fb56a7	eb11c72d52d5bac3e9663de73ef96245b24944ca	ref-tip
dpkg	1.20.12+grm3u1	rebuild-arm64	resolved	all,amd64	gooroom/dpkg	branch-history	gooroom-3.0	57bf58365a689fed1995481c72b358ead3ed8187	1a5c57b238149446b5ea4f2a76916b3e72d051ef	pickaxe-depth-300
eog	3.38.2-1+grm3u4	rebuild-arm64	resolved	amd64	gooroom/eog	branch	gooroom-3.0	6db9c892f4b8b824cb49d0353dd74392235e02b9	6f2608b0ed80be8e4ed8f63b8930efd961bc921f	ref-tip
file-roller	3.38.1-1+grm3u3	rebuild-arm64	resolved	amd64	gooroom/file-roller	branch	gooroom-3.0	c7f4b12b289f3b81f709d528af38e759514fd448	4435151f83ccebc9a2465ff272c992deaf949cdc	ref-tip
flat-remix-gtk-theme	0.3.0+grm3u1	reuse-all	resolved	all	gooroom/flat-remix-gtk-theme	branch	master	689bba9c971f020506e0834fc02f3c203582dcf3	98fcf009a6ebe838e6b9edf03fa208c795857027	ref-tip
gdebi	0.9.5.7+nmu5-1+grm3u2	reuse-all	resolved	all	hancom-io/gdebi	branch	hancom-3.0	26dc2b7b2971d58f9459aab5d243d41a7d90007a	caf3e4fd72b32128661ef4f5d2609e00346f72f1	ref-tip
gedit	3.38.1-1+grm3u3	rebuild-arm64	resolved	all,amd64	gooroom/gedit	branch	gooroom-3.0	a332db1abb2605e89e81b7c88f9c958607581dc1	3d2f30d1e6a87b2de8123f59773c72af6d36b168	ref-tip
gnome-bluetooth	3.34.3-2+grm3u1	rebuild-arm64	resolved	amd64	gooroom/gnome-bluetooth	branch	master	377e4a327d5e26e2d202aab48da04d0a077d4f93	46ac22ded0d9e36d45ba2bd9ad5ae427f38cfca5	ref-tip
gnome-control-center	1:3.38.4-1+grm3u9	rebuild-arm64	resolved	all,amd64	gooroom/gnome-control-center	branch-history	gooroom-3.0	55fd48f9dbf8d2bee0dea33478ed20e4867c9cbc	e4b8dd73f8668f6a30ac3fe333665b78cfa2d0f0	pickaxe-depth-300
gnome-flashback	3.38.0-2+grm3u2+han3u4	rebuild-arm64	unresolved-version	all,amd64						
gnome-panel	3.38.0-1+grm3u1	rebuild-arm64	resolved	all,amd64	gooroom/gnome-panel	branch	gooroom-3.0	e64437b876dd907b082bb3709541eb27997958ee	84a8082db1aaa90f83bacc5606a23e13c2addd0d	ref-tip
gnome-screenshot	3.38.0-1+grm3u2	rebuild-arm64	resolved	amd64	gooroom/gnome-screenshot	branch	gooroom-3.0	0829ef62630f694dba017cc39f6422b777bd8396	d97cf1f6dfac3a1cc30679b0c5b63c47218d0bfb	ref-tip
gnome-settings-daemon	3.38.2-1+grm3u1	rebuild-arm64	resolved	all,amd64	gooroom/gnome-settings-daemon	branch	gooroom-3.0	f94e8eaddd981096dc167d69848b24b085b33cc5	a5fec2ac6898a8b0ce9dffd4377e06ef497d61ba	ref-tip
gooroom-agent-service	0.4.8+grm3u1	reuse-all	resolved	all	gooroom/gooroom-agent-service	branch	master	e36c9c0934710e2d70cb1f7dcb1507410edfea52	c0e8dd80095abd6c81659006b783f1ec1c278d4c	ref-tip
gooroom-applauncher-applet	0.4.0+grm3u1+han3u2	rebuild-arm64	unresolved-version	amd64						
gooroom-archive-keyring	20201012+grm3u1	reuse-all	resolved	all	gooroom/gooroom-archive-keyring	branch	gooroom-3.0	d59dd39ec853898ed870c9fdcb688fefef143659	e806feedc6ec188f02816fadaf838cac3374e633	ref-tip
gooroom-artwork-common	1.3.3+grm3u1	reuse-all	resolved	all	gooroom/gooroom-artwork-common	branch	gooroom-3.0	08af38619bf9b88be33bab7fa5e021288c88fdd9	c9300216251965461e95420e82793a2fc7b3d510	ref-tip
gooroom-artwork-gnome-flashback	0.4.4+grm3u1	reuse-all	resolved	all	gooroom/gooroom-artwork-gnome-flashback	branch	gooroom-3.0	dfc53a6dda50a0544de9f5f0b5caf1bd44c57ae9	079be5b3127f1a4ff89d09a4adc5d14e95605798	ref-tip
gooroom-bootsplash-theme	1.0.0+grm3u1+han3u1	reuse-all	unresolved-version	all						
gooroom-browser	3.5.0-1+grm3u3	rebuild-arm64	resolved	all,amd64	gooroom/gooroom-browser	branch-history	gooroom-3.0-v115	829ad92a98f523a79c7b30f3d5b604bfaef03eb0	4a5e691645dad54a2a9636dcc21870c66418f978	pickaxe-depth-300
gooroom-client-server-register	1.1.1+han3u1	reuse-all	resolved	all	hancom-io/gooroom-client-server-register	branch	hancom-3.0	a474ca61b38c16e841bcfcf10caa4437f1dfd37e	acaa957e544af01d396144fbdd066f380f9d419d	ref-tip
gooroom-dockbarx	1.3.0+grm3u3	reuse-all	resolved	all	gooroom/gooroom-dockbarx	branch	master	30c8db06001137852e6ea5b6b926711a4f9f5109	12b0945e3bd672cb616ace06391dcb8a3a62fec8	ref-tip
gooroom-dockbarx-applet	0.3.1+grm3u1+han3u1	rebuild-arm64	unresolved-version	amd64						
gooroom-greeter	0.3.1+grm3u1+han3u2	rebuild-arm64	unresolved-version	amd64						
gooroom-guide	0.5.3+grm3u1+han3u1	rebuild-arm64	unresolved-version	amd64						
gooroom-icon-themes	1.3.6+grm3u1+han3u2	reuse-all	unresolved-version	all						
gooroom-indicator-applet	0.3.0+grm3u1	rebuild-arm64	resolved	amd64	gooroom/gooroom-indicator-applet	branch	gooroom-3.0	cb5092080b8fbe48effd990e60084e938aa0b306	dae79af224f437e6ed12e9690b7d2a7f7f46292e	ref-tip
gooroom-info	3.3.0+grm3u1	reuse-all	resolved	all	gooroom/gooroom-info	branch-history	gooroom-3.0	ee417b75cfe8a442f4876591ce0ca3814f595bc2	c0d97f030de5d86080ac67ed3210eb6f80b018b7	pickaxe-depth-300
gooroom-integration-applet	0.3.1+grm3u1+han3u3	rebuild-arm64	unresolved-version	amd64						
gooroom-libsecurity-extensions	0.1.7+grm3u1	rebuild-arm64	resolved	amd64	gooroom/gooroom-libsecurity-extensions	branch	gooroom-3.0	4990bab95ae1dcaa29f38836da83edfa0969ed73	e1dce97d3cd69331047c01940b2593a0eaf2307a	ref-tip
gooroom-logout	0.3.0+grm3u1	rebuild-arm64	resolved	amd64	gooroom/gooroom-logout	branch	gooroom-3.0	28dcdee1a4297eaa5c3403a6b5630d3c23250379	fd614ae882300afbb5e91206547a21642a59807c	ref-tip
gooroom-notice-applet	0.3.4+grm3u1	rebuild-arm64	resolved	amd64	gooroom/gooroom-notice-applet	branch	master	e0bcc0b3e41ae705bc338b85998ed555a17a58d6	1b7737d55f83af87ea607e6ae989a98368348d83	ref-tip
gooroom-notifyd	0.5.0+grm3u1	rebuild-arm64	resolved	amd64	gooroom/gooroom-notifyd	branch	gooroom-3.0	c7e5fc76cc0928361f1b2cb0e69baf9e14bc0f6f	f4bc0f6f19f0ac51091eaf2abde590003447d4e7	ref-tip
gooroom-resource-access-control	1.4.9+grm3u1	reuse-all	resolved	all	gooroom/gooroom-resource-access-control	branch	master	c67a5d3a3bc80ef66a81829a8e593e2fdfcabc55	e9cea2d045d86b44fd6e2205a9cbca89e4cb0c3f	ref-tip
gooroom-security-status-tools	0.3.9+grm3u1	rebuild-arm64	resolved	amd64	gooroom/gooroom-security-status-tools	branch	gooroom-3.0	ef97dd1670744365acae9e5d176a96cd81d73671	083237804297c06e1f7dcec02436c226ca75f1ec	ref-tip
gooroom-security-utils	0.3.7+grm3u1	reuse-all	resolved	all	gooroom/gooroom-security-utils	branch	master	bf71213bb3a61fccb7b736151c8814b9975894d6	c91c872121b780ced52a7df3f4ddf9fda73eff39	ref-tip
gooroom-session-manager	0.3.9+grm3u1+han3u2	rebuild-arm64	unresolved-version	amd64						
gooroom-showdesktop-applet	0.2.0+grm3u1	rebuild-arm64	resolved	amd64	gooroom/gooroom-showdesktop-applet	branch	master	7a296d9d0b9c35c01014f08495cc6da347f07ca0	d139bced2ae046922d3c0e35dc8357551245b6a3	ref-tip
gooroom-software	3.30.6+5+grm3u6	rebuild-arm64	resolved	all,amd64	gooroom/gooroom-software	branch	gooroom-4.0	7e4de0526d7924d5602318ad5cf68ed56cedf860	54062665678a9115c030f5e6ab2bf7aac5e323db	ref-tip
gooroom-translations	20230728+han3u1	reuse-all	unresolved-version	all						
gooroom-update	1.3.3+grm3u1	reuse-all	resolved	all	gooroom/gooroom-update	branch	master	77c1b2c089474694cc43890a2909474195e60307	d78f4852a478795b802230c43c06a93e8c2fe0f4	ref-tip
gooroom-yelp-adjustments	0.3.10+han3u1	reuse-all	resolved	all	hancomgooroom/gooroom-yelp-adjustments	branch-history	hancom-4.0	a6c805e5ce0fc1e9c6a91737b6c5621e0ee8e34e	70555ad741c77011ff01c74b002adad64a097933	pickaxe-depth-300
gooroomsystem	1.1.3+grm3u1	reuse-all	resolved	all	gooroom/gooroomsystem	branch	master	4ffafbff7cfd57191b24a9621acfd36ef97b4aa5	c5d4e1311b16547ff077c8adc86c34549cdf0110	ref-tip
gtk+2.0	2.24.33-2+grm3u1	rebuild-arm64	resolved	all,amd64	gooroom/gtk2	branch	master	dd67a4d4c36d6b0a178663d0fe192cadf836877d	8020c98e6206a576e3a6049962be7ad10b5b8333	ref-tip
gtk+3.0	3.24.24-4+grm3u2	rebuild-arm64	resolved	all,amd64	gooroom/gtk3	branch	gooroom-3.0	b566a9d629f2f6ce1b2bf415c102a15a1d2d2495	e6d2a53b942106b26c58d54a8a52edfde7dea3ae	ref-tip
hancom-gooroom-themepack	0.3.3+han3u1	reuse-all	resolved	all	hancomgooroom/hancom-gooroom-themepack	branch-history	hancom-4.0	b6c43160b8cc70feb3326b79a8d47baaab3578a3	da35fa4c0b8d42064a00d889fbd49c7c9f7d9b3b	pickaxe-depth-300
hancom-toolkit	0.3.3+han3u1	rebuild-arm64	resolved	amd64	hancomgooroom/hancom-toolkit	branch-history	hancom-4.0	57d9ca6f5a066dc801149c78edb5175c27a05ecc	cb1f9edd051b6521442a15ebadc95e4b82718f05	pickaxe-depth-300
hancom-viewer-installer	0.2.2+han3u1	rebuild-arm64	resolved	amd64	hancom-io/hancom-viewer-installer	branch	hancom-3.0	883c293b0a23e7bd47e54ef0a5edf3d26b7906b9	b394ff18973f4c0ce3d594845e0f6be3360ac250	ref-tip
hancomgrm-adjustments-utils	0.3.3+han3u1	rebuild-arm64	resolved	amd64	hancomgooroom/hancomgrm-adjustments-utils	branch-history	hancom-4.0	2f8d22c40c79922bdb444fe787bd05f7d55f10e6	c9bf9631d38a6c95af97f80affbd71fe534a94c6	pickaxe-depth-300
libnma	1.8.30-1+grm3u2	rebuild-arm64	resolved	all,amd64	gooroom/libnma	branch	gooroom-3.0	7ea056fd93525e344559ebc2e38b90ce5937ecc8	2ada6a3ee3ba66b0768ef666baba32e4998a6eff	ref-tip
lightdm	1.26.0-7+grm3u1	rebuild-arm64	resolved	amd64	gooroom/lightdm	branch	master	8ba0d53aeb414b53dad67f2accbbfe2c2d10eb8d	61e0b98fd3b25dcc755d23be0643a6cf86e35416	ref-tip
linux	5.10.179-1+grm3u1	rebuild-arm64	unresolved-version	amd64						
linux-signed-amd64	5.10.179+1+grm3u1	arch-replace	arch-replace	amd64						
live-config	11.0.3+grm3u1	reuse-all	resolved	all	gooroom/live-config	branch	master	7542b09395dc84e6a5f12c28ebe621f37b3df85b	00cfca2dedf4b6f7808dcc5bc63725c91c4a9938	ref-tip
live-installer	2023.06.30+han3u1	reuse-all	unresolved-version	all						
metacity	1:3.38.0-2+grm3u1	rebuild-arm64	resolved	all,amd64	gooroom/metacity	tag	gooroom/1%3.38.0-2+grm3u1	a16c481927cd6694eb2ec2afaedf07a9ee411b5c	7c52cb654d792f4f32fe450c9206b4bd1b5acbc8	ref-tip
mousetweaks	3.32.0-3+grm3u1	rebuild-arm64	resolved	amd64	gooroom/mousetweaks	branch	master	06ed39e08e6e2427a515bdab114d02a35fc010f8	3ef99087b50a0e5f759bcb7ce3df144680bc60fa	ref-tip
nautilus	3.38.2-1+deb11u1+grm3u8	rebuild-arm64	resolved	all,amd64	gooroom/nautilus	tag	gooroom/3.38.2-1+deb11u1+grm3u8	8d7900ad94c2dbfe167e0dd9a00ee37f203f0511	d3b2a8e8599902b40da81867f85c2ac81fe4d984	ref-tip
network-manager	1.30.0-2+grm3u3	rebuild-arm64	resolved	amd64	gooroom/network-manager	branch	gooroom-3.0	712e0531988c471901936d0c8c415a1a8cec96fe	fafc1de993a88e4bc27f53912199b8b65acb86b9	ref-tip
network-manager-applet	1.20.0-3+grm3u4	rebuild-arm64	resolved	amd64	gooroom/network-manager-applet	branch-history	gooroom-3.0	fb22dadeb9eeb78b4d256a2a78d619aa5687cbea	5b8aeb62c1e855d611025b10e4fd7e0eb351c9ad	pickaxe-depth-300
nimf	2023.06.30+grm3u1	rebuild-arm64	resolved	amd64	gooroom/nimf	branch	gooroom-3.0	583ad8b183db06a84c6b85a80fe132583566909d	a2e3017b4c00e92a1cab8fe803e2e88f07d5d74d	ref-tip
p7zip	16.02+dfsg-8+grm3u1	rebuild-arm64	resolved	amd64	gooroom/p7zip	branch	master	950abb3e7274d493c8035a23ec2bb0adcde9cb55	e392d61e4303302107f9468a06ef0bcb49fe4f33	ref-tip
pam-gooroom	0.4.3+grm3u1	rebuild-arm64	resolved	amd64	gooroom/libpam-gooroom-authenticator	branch	gooroom-3.0	5e99b9ca991380109060624176da2ec7958cf77d	a88f82cfd34681e64217bd973eae44f80e5d120d	ref-tip
policykit-1	0.105-31+nDeb11u1+grm3u1	rebuild-arm64	resolved	amd64	gooroom/policykit-1	branch	gooroom-3.0	9839dc8b6ac0d8b61538b9769c2c659be823b94d	6ea64810601958f880c397c5a647643cfd28a745	ref-tip
qtbase-opensource-src	5.15.2+dfsg-9+grm3u1	rebuild-arm64	unresolved-repository	amd64						
synaptic	0.90.2+grm3u3	rebuild-arm64	resolved	amd64	gooroom/synaptic	branch	gooroom-3.0	0aadbfb8a87e3be73dc0b20c1edb74774c46e9a8	569d9d83a12748ff484c34432a0562c6951b39ae	ref-tip
system-config-printer	1.5.14-1+grm3u1	reuse-all	resolved	all	gooroom/system-config-printer	branch	master	451f170fa30eed547da91b8716cfac0b0998ba83	46ec00e143769ca20b0d6fc52859824285122883	ref-tip
yelp	3.38.3-1+han3u3	rebuild-arm64	resolved	amd64	hancom-io/yelp	branch	hancom-3.0	73af67d27815adcd09e4c319f692754a4b008a85	404913af82e2c63363d1a864b5226812fd1c77b6	ref-tip
