source	source_version	status	repository	url	dsc_sha256
gnome-flashback	3.38.0-2+grm3u2+han3u4	unresolved			
gooroom-applauncher-applet	0.4.0+grm3u1+han3u2	unresolved			
gooroom-dockbarx-applet	0.3.1+grm3u1+han3u1	unresolved			
gooroom-greeter	0.3.1+grm3u1+han3u2	unresolved			
gooroom-guide	0.5.3+grm3u1+han3u1	unresolved			
gooroom-integration-applet	0.3.1+grm3u1+han3u3	unresolved			
gooroom-session-manager	0.3.9+grm3u1+han3u2	unresolved			
linux	5.10.179-1+grm3u1	unresolved			
qtbase-opensource-src	5.15.2+dfsg-9+grm3u1	unresolved			
