vendor-debs/accountsservice_0.6.55-3+grm3u1_amd64.deb	92836
vendor-debs/adduser_3.118+grm3u1_all.deb	241888
vendor-debs/arc-icon-theme_20161113+grm3u1_all.deb	3655752
vendor-debs/arc-theme_20200513-1+grm2u1+han3u2_all.deb	134572
vendor-debs/celluloid_0.20-2+grm3u6_amd64.deb	212992
vendor-debs/cups-pk-helper_0.2.6-1ubuntu3+grm3u1_amd64.deb	81172
vendor-debs/debian-system-adjustments_3.2.1+grm3u1_all.deb	445976
vendor-debs/dpkg_1.20.12+grm3u1_amd64.deb	2537616
vendor-debs/eog_3.38.2-1+grm3u4_amd64.deb	3114376
vendor-debs/file-roller_3.38.1-1+grm3u3_amd64.deb	726616
vendor-debs/flat-remix-gtk-theme_0.3.0+grm3u1_all.deb	146700
vendor-debs/gdebi-core_0.9.5.7+nmu5-1+grm3u2_all.deb	129884
vendor-debs/gdebi_0.9.5.7+nmu5-1+grm3u2_all.deb	41496
vendor-debs/gedit-common_3.38.1-1+grm3u3_all.deb	1606064
vendor-debs/gedit_3.38.1-1+grm3u3_amd64.deb	391196
vendor-debs/gir1.2-gtk-3.0_3.24.24-4+grm3u2_amd64.deb	259040
vendor-debs/gir1.2-polkit-1.0_0.105-31+nDeb11u1+grm3u1_amd64.deb	20348
vendor-debs/gnome-bluetooth_3.34.3-2+grm3u1_amd64.deb	206868
vendor-debs/gnome-control-center-data_3.38.4-1+grm3u9_all.deb	3601664
vendor-debs/gnome-control-center_3.38.4-1+grm3u9_amd64.deb	1751256
vendor-debs/gnome-flashback-common_3.38.0-2+grm3u2+han3u4_all.deb	99916
vendor-debs/gnome-flashback_3.38.0-2+grm3u2+han3u4_amd64.deb	436564
vendor-debs/gnome-mpv_0.20-2+grm3u6_all.deb	8584
vendor-debs/gnome-panel-data_3.38.0-1+grm3u1_all.deb	912716
vendor-debs/gnome-panel_3.38.0-1+grm3u1_amd64.deb	455912
vendor-debs/gnome-screenshot_3.38.0-1+grm3u2_amd64.deb	177092
vendor-debs/gnome-session-flashback_3.38.0-2+grm3u2+han3u4_all.deb	14508
vendor-debs/gnome-settings-daemon-common_3.38.2-1+grm3u1_all.deb	596272
vendor-debs/gnome-settings-daemon_3.38.2-1+grm3u1_amd64.deb	339376
vendor-debs/gooroom-agent-service_0.4.8+grm3u1_all.deb	43664
vendor-debs/gooroom-applauncher-applet_0.4.0+grm3u1+han3u2_amd64.deb	30804
vendor-debs/gooroom-archive-keyring_20201012+grm3u1_all.deb	7736
vendor-debs/gooroom-artwork-common_1.3.3+grm3u1_all.deb	78954140
vendor-debs/gooroom-artwork-gnome-flashback_0.4.4+grm3u1_all.deb	232616
vendor-debs/gooroom-bootsplash-theme_1.0.0+grm3u1+han3u1_all.deb	3484916
vendor-debs/gooroom-browser-l10n_3.5.0-1+grm3u3_all.deb	5958620
vendor-debs/gooroom-browser_3.5.0-1+grm3u3_amd64.deb	79576488
vendor-debs/gooroom-client-server-register_1.1.1+han3u1_all.deb	20672
vendor-debs/gooroom-dockbarx-applet_0.3.1+grm3u1+han3u1_amd64.deb	14096
vendor-debs/gooroom-dockbarx-common_1.3.0+grm3u3_all.deb	357904
vendor-debs/gooroom-dockbarx-dockx_1.3.0+grm3u3_all.deb	36508
vendor-debs/gooroom-dockbarx_1.3.0+grm3u3_all.deb	21092
vendor-debs/gooroom-greeter_0.3.1+grm3u1+han3u2_amd64.deb	282940
vendor-debs/gooroom-guide_0.5.3+grm3u1+han3u1_amd64.deb	3620004
vendor-debs/gooroom-icon-themes_1.3.6+grm3u1+han3u2_all.deb	8150712
vendor-debs/gooroom-indicator-applet_0.3.0+grm3u1_amd64.deb	9296
vendor-debs/gooroom-info_3.3.0+grm3u1_all.deb	2488
vendor-debs/gooroom-integration-applet_0.3.1+grm3u1+han3u3_amd64.deb	62392
vendor-debs/gooroom-libsecurity-extensions_0.1.7+grm3u1_amd64.deb	8360
vendor-debs/gooroom-logout_0.3.0+grm3u1_amd64.deb	13652
vendor-debs/gooroom-notice-applet_0.3.4+grm3u1_amd64.deb	18824
vendor-debs/gooroom-notifyd_0.5.0+grm3u1_amd64.deb	27844
vendor-debs/gooroom-security-status-tools_0.3.9+grm3u1_amd64.deb	56052
vendor-debs/gooroom-security-utils_0.3.7+grm3u1_all.deb	10560
vendor-debs/gooroom-session-manager_0.3.9+grm3u1+han3u2_amd64.deb	20328
vendor-debs/gooroom-showdesktop-applet_0.2.0+grm3u1_amd64.deb	6572
vendor-debs/gooroom-software-common_3.30.6+5+grm3u6_all.deb	3191920
vendor-debs/gooroom-software-plugin-flatpak_3.30.6+5+grm3u6_amd64.deb	55540
vendor-debs/gooroom-software_3.30.6+5+grm3u6_amd64.deb	478044
vendor-debs/gooroom-translations_20230728+han3u1_all.deb	708276
vendor-debs/gooroom-update_1.3.3+grm3u1_all.deb	65644
vendor-debs/gooroom-yelp-adjustments_0.3.10+han3u1_all.deb	12881288
vendor-debs/gooroomsystem_1.1.3+grm3u1_all.deb	5448
vendor-debs/grac-device-daemon_1.4.9+grm3u1_all.deb	30060
vendor-debs/grac-editor_1.4.9+grm3u1_all.deb	242172
vendor-debs/gtk-update-icon-cache_3.24.24-4+grm3u2_amd64.deb	88448
vendor-debs/gtk2-engines-pixbuf_2.24.33-2+grm3u1_amd64.deb	62520
vendor-debs/hancom-gooroom-themepack_0.3.3+han3u1_all.deb	20207136
vendor-debs/hancom-toolkit_0.3.3+han3u1_amd64.deb	29964
vendor-debs/hancom-viewer-installer_0.2.2+han3u1_amd64.deb	18384
vendor-debs/hancomgrm-adjustments-utils_0.3.3+han3u1_amd64.deb	4604
vendor-debs/libaccountsservice0_0.6.55-3+grm3u1_amd64.deb	83548
vendor-debs/libdpkg-perl_1.20.12+grm3u1_all.deb	1550768
vendor-debs/libgnome-bluetooth13_3.34.3-2+grm3u1_amd64.deb	85148
vendor-debs/libgnome-panel0_3.38.0-1+grm3u1_amd64.deb	53660
vendor-debs/libgtk-3-0_3.24.24-4+grm3u2_amd64.deb	2714512
vendor-debs/libgtk-3-bin_3.24.24-4+grm3u2_amd64.deb	124612
vendor-debs/libgtk-3-common_3.24.24-4+grm3u2_all.deb	3756956
vendor-debs/libgtk2.0-0_2.24.33-2+grm3u1_amd64.deb	1854968
vendor-debs/libgtk2.0-common_2.24.33-2+grm3u1_all.deb	2698760
vendor-debs/liblightdm-gobject-1-0_1.26.0-7+grm3u1_amd64.deb	63416
vendor-debs/libmetacity3_3.38.0-2+grm3u1_amd64.deb	226472
vendor-debs/libnautilus-extension1a_3.38.2-1+deb11u1+grm3u8_amd64.deb	38308
vendor-debs/libnimf1_2023.06.30+grm3u1_amd64.deb	41744
vendor-debs/libnm0_1.30.0-2+grm3u3_amd64.deb	449076
vendor-debs/libnma-common_1.8.30-1+grm3u2_all.deb	147448
vendor-debs/libnma0_1.8.30-1+grm3u2_amd64.deb	96668
vendor-debs/libpolkit-agent-1-0_0.105-31+nDeb11u1+grm3u1_amd64.deb	28220
vendor-debs/libpolkit-gobject-1-0_0.105-31+nDeb11u1+grm3u1_amd64.deb	48668
vendor-debs/libqt5core5a_5.15.2+dfsg-9+grm3u1_amd64.deb	1822120
vendor-debs/libqt5dbus5_5.15.2+dfsg-9+grm3u1_amd64.deb	228288
vendor-debs/libqt5gui5_5.15.2+dfsg-9+grm3u1_amd64.deb	3319980
vendor-debs/libqt5network5_5.15.2+dfsg-9+grm3u1_amd64.deb	657768
vendor-debs/libqt5printsupport5_5.15.2+dfsg-9+grm3u1_amd64.deb	222252
vendor-debs/libqt5sql5_5.15.2+dfsg-9+grm3u1_amd64.deb	144052
vendor-debs/libqt5test5_5.15.2+dfsg-9+grm3u1_amd64.deb	168704
vendor-debs/libqt5widgets5_5.15.2+dfsg-9+grm3u1_amd64.deb	2347228
vendor-debs/libqt5xml5_5.15.2+dfsg-9+grm3u1_amd64.deb	147288
vendor-debs/libyelp0_3.38.3-1+han3u3_amd64.deb	172600
vendor-debs/lightdm_1.26.0-7+grm3u1_amd64.deb	174316
vendor-debs/linux-image-5.10.0-23-amd64_5.10.179-1+grm3u1_amd64.deb	54380584
vendor-debs/linux-image-amd64_5.10.179-1+grm3u1_amd64.deb	1492
vendor-debs/live-config-systemd_11.0.3+grm3u1_all.deb	23848
vendor-debs/live-config_11.0.3+grm3u1_all.deb	35648
vendor-debs/live-installer_2023.06.30+han3u1_all.deb	1262744
vendor-debs/metacity-common_3.38.0-2+grm3u1_all.deb	438528
vendor-debs/metacity_3.38.0-2+grm3u1_amd64.deb	425716
vendor-debs/mousetweaks_3.32.0-3+grm3u1_amd64.deb	188216
vendor-debs/nautilus-data_3.38.2-1+deb11u1+grm3u8_all.deb	1686924
vendor-debs/nautilus_3.38.2-1+deb11u1+grm3u8_amd64.deb	635388
vendor-debs/network-manager-gnome_1.20.0-3+grm3u4_amd64.deb	921640
vendor-debs/network-manager_1.30.0-2+grm3u3_amd64.deb	3045040
vendor-debs/nimf-libhangul_2023.06.30+grm3u1_amd64.deb	39108
vendor-debs/nimf_2023.06.30+grm3u1_amd64.deb	140320
vendor-debs/p7zip-full_16.02+dfsg-8+grm3u1_amd64.deb	1184848
vendor-debs/p7zip_16.02+dfsg-8+grm3u1_amd64.deb	380988
vendor-debs/pam-gooroom_0.4.3+grm3u1_amd64.deb	107088
vendor-debs/policykit-1_0.105-31+nDeb11u1+grm3u1_amd64.deb	96792
vendor-debs/python3-cupshelpers_1.5.14-1+grm3u1_all.deb	130032
vendor-debs/synaptic_0.90.2+grm3u3_amd64.deb	2100932
vendor-debs/system-config-printer-common_1.5.14-1+grm3u1_all.deb	776720
vendor-debs/system-config-printer_1.5.14-1+grm3u1_all.deb	181060
vendor-debs/yelp_3.38.3-1+han3u3_amd64.deb	781720
