source	source_version	binary_packages	custom_candidate
a52dec	0.7.4-20	liba52-0.7.4	False
aalib	1.4p5-48	libaa1	False
accountsservice	0.6.55-3+grm3u1	accountsservice,libaccountsservice0	False
acl	2.2.53-10	acl,libacl1	False
adduser	3.118+grm3u1	adduser	False
adwaita-icon-theme	3.38.0-1	adwaita-icon-theme	False
alsa-lib	1.2.4-1.1	libasound2,libasound2-data,libatopology2	False
alsa-plugins	1.2.2-2	libasound2-plugins	False
alsa-utils	1.2.4-1	alsa-utils	False
amd64-microcode	3.20230719.1~deb11u1	amd64-microcode	False
amtk	5.2.0-1	libamtk-5-0,libamtk-5-common	False
aom	1.0.0.errata1-3	libaom0	False
apg	2.2.3.dfsg.1-5	apg	False
apparmor	2.13.6-10	libapparmor1	False
appstream	0.14.4-1	appstream,apt-config-icons,libappstream4	False
appstream-glib	0.7.18-1	libappstream-glib8	False
apt	2.2.4	apt,apt-transport-https,apt-utils,libapt-pkg6.0	False
aptitude	0.8.13-3	aptitude,aptitude-common	False
arc-icon-theme	20161113+grm3u1	arc-icon-theme	False
arc-theme	20200513-1+grm2u1+han3u2	arc-theme	False
argon2	0~20171227-0.2	libargon2-1	False
arp-scan	1.9.7-2	arp-scan	False
aspell	0.60.8-3	libaspell15	False
at-spi2-atk	2.38.0-1	libatk-bridge2.0-0	False
at-spi2-core	2.38.0-4+deb11u1	at-spi2-core,libatspi2.0-0	False
atk1.0	2.36.0-2	gir1.2-atk-1.0,libatk1.0-0,libatk1.0-data	False
atkmm1.6	2.28.0-3	libatkmm-1.6-1v5	False
attr	1:2.4.48-6	attr,libattr1	False
audit	1:3.0-2	libaudit-common,libaudit1	False
avahi	0.8-5+deb11u2	libavahi-client3,libavahi-common-data,libavahi-common3,libavahi-glib1	False
ayatana-ido	0.8.2-1	libayatana-ido3-0.4-0	False
ayatana-indicator-application	0.8.0-1	ayatana-indicator-application	False
base-files	11.1+deb11u7	base-files	False
base-passwd	3.5.51	base-passwd	False
bash	5.1-2+deb11u1	bash	False
bash-completion	1:2.11-2	bash-completion	False
bc	1.07.1-2	bc,dc	False
bind9-libs	1:9.11.19+dfsg-2.1	libdns-export1110,libisc-export1105	False
binutils	2.35.2-2	binutils,binutils-common,binutils-x86-64-linux-gnu,libbinutils,libctf-nobfd0,libctf0	False
bluez	5.55-3.1	bluez,bluez-obexd,libbluetooth3	False
boost1.74	1.74.0-9	libboost-iostreams1.74.0	False
brlaser	6-1	printer-driver-brlaser	False
brotli	1.0.9-2	libbrotli1	False
bubblewrap	0.4.1-3	bubblewrap	False
busybox	1:1.30.1-6	busybox	False
bzip2	1.0.8-4	bzip2,libbz2-1.0	False
c2050	0.3b-8	printer-driver-c2050	False
c2esp	27-8	printer-driver-c2esp	False
ca-certificates	20210119	ca-certificates	False
cairo	1.16.0-5	libcairo-gobject2,libcairo2	False
cairomm	1.12.2-4	libcairomm-1.0-1v5	False
cdebconf	0.260	libdebconfclient0	False
cdparanoia	3.10.2+debian-13.1	libcdparanoia0	False
celluloid	0.20-2+grm3u6	celluloid,gnome-mpv	False
chardet	4.0.0-1	python3-chardet	False
cheese	3.38.0-3	cheese-common,libcheese-gtk25,libcheese8	False
chromaprint	1.5.0-2	libchromaprint1	False
cjet	0.8.9-8	printer-driver-cjet	False
clutter-1.0	1.26.4+dfsg-2	libclutter-1.0-0	False
clutter-gst-3.0	3.0.27-2	gstreamer1.0-clutter-3.0,libclutter-gst-3.0-0	False
clutter-gtk	1.8.4-4	libclutter-gtk-1.0-0	False
codec2	0.9.2-4	libcodec2-0.9	False
cogl	1.22.8-2	libcogl-pango20,libcogl-path20,libcogl20	False
colord	1.4.5-3	colord,colord-data,libcolord2,libcolorhug2	False
colord-gtk	0.1.26-2	libcolord-gtk1	False
configobj	5.0.6-4	python3-configobj	False
console-setup	1.205	console-setup,console-setup-linux,keyboard-configuration	False
coreutils	8.32-4	coreutils	False
cpio	2.13+dfsg-4	cpio	False
cracklib2	2.9.6-3.4	cracklib-runtime,libcrack2	False
cron	3.0pl1-137	cron	False
cryptsetup	2:2.3.7-1+deb11u1	libcryptsetup12	False
cups	2.3.3op2-3+deb11u2	cups,cups-client,cups-common,cups-core-drivers,cups-daemon,cups-ipp-utils,cups-ppdc,cups-server-common,libcups2,libcupsimage2	False
cups-filters	1.28.7-1+deb11u2	cups-browsed,cups-filters,cups-filters-core-drivers,libcupsfilters1,libfontembed1	False
cups-pk-helper	0.2.6-1ubuntu3+grm3u1	cups-pk-helper	False
curl	7.74.0-1.3+deb11u7	curl,libcurl3-gnutls,libcurl4	False
cwidget	0.5.18-5	libcwidget4	False
cyrus-sasl2	2.1.27+dfsg-2.1+deb11u1	libsasl2-2,libsasl2-modules-db	False
dash	0.5.11+git20200708+dd9ef66-5	dash	False
dav1d	0.7.1-3	libdav1d4	False
davfs2	1.6.0-1	davfs2	False
db5.3	5.3.28+dfsg1-0.8	libdb5.3	False
dbus	1.12.24-0+deb11u1	dbus,dbus-user-session,dbus-x11,libdbus-1-3	False
dbus-glib	0.110-6	libdbus-glib-1-2	False
dbus-python	1.2.16-5	python3-dbus	False
dconf	0.38.0-2	dconf-gsettings-backend,dconf-service,libdconf1	False
dctrl-tools	2.24-3	dctrl-tools	False
debconf	1.5.77	debconf,debconf-i18n	False
debian-archive-keyring	2021.1.1+deb11u1	debian-archive-keyring	False
debian-system-adjustments	3.2.1+grm3u1	debian-system-adjustments	False
debianutils	4.11.2	debianutils	False
dee	1.2.7+17.10.20170616-6	libdee-1.0-4	False
desktop-base	11.0.3	desktop-base	False
desktop-file-utils	0.26-1	desktop-file-utils	False
dictionaries-common	1.28.4	dictionaries-common	False
diffutils	1:3.7-5	diffutils	False
distro-info-data	0.51+deb11u3	distro-info-data	False
dmidecode	3.3-2	dmidecode	False
dnsmasq	2.85-1	dnsmasq-base	False
dosfstools	4.2-1	dosfstools	False
double-conversion	3.1.5-6.1	libdouble-conversion3	False
dpkg	1.20.12+grm3u1	dpkg,libdpkg-perl	False
dymo-cups-drivers	1.4.0-9	printer-driver-dymo	False
e2fsprogs	1.46.2-2	e2fsprogs,libcom-err2,libext2fs2,libss2,logsave	False
ecryptfs-utils	111-5	ecryptfs-utils,libecryptfs1	False
efivar	37-6	libefiboot1,libefivar1	False
elfutils	0.183-1	libdw1,libelf1	False
emacsen-common	3.0.4	emacsen-common	False
enchant-2	2.2.15-1	libenchant-2-2	False
eog	3.38.2-1+grm3u4	eog	False
epson-inkjet-printer-escpr	1.7.8-1	printer-driver-escpr	False
evolution-data-server	3.38.3-1+deb11u2	evolution-data-server-common,libcamel-1.2-62,libecal-2.0-1,libedataserver-1.2-25	False
exempi	2.5.2-1	libexempi8	False
exfat-utils	1.3.0-2	exfat-utils	False
exiv2	0.27.3-3+deb11u2	libexiv2-27	False
expat	2.2.10-2+deb11u5	libexpat1	False
faad2	2.10.0-1	libfaad2	False
faba-icon-theme	4.3-1	faba-icon-theme	False
faenza-icon-theme	1.3.1-1.1	faenza-icon-theme	False
ffmpeg	7:4.3.6-0+deb11u1	libavcodec58,libavdevice58,libavfilter7,libavformat58,libavresample4,libavutil56,libpostproc55,libswresample3,libswscale5	False
fftw3	3.3.8-2	libfftw3-double3,libfftw3-single3	False
file	1:5.39-3	file,libmagic-mgc,libmagic1	False
file-roller	3.38.1-1+grm3u3	file-roller	False
findutils	4.8.0-1	findutils	False
firmware-free	20200122-1	firmware-linux-free	False
firmware-nonfree	20210315-3	firmware-amd-graphics,firmware-atheros,firmware-bnx2,firmware-bnx2x,firmware-brcm80211,firmware-cavium,firmware-intel-sound,firmware-intelwimax,firmware-ipw2x00,firmware-ivtv,firmware-iwlwifi,firmware-libertas,firmware-linux,firmware-linux-nonfree,firmware-misc-nonfree,firmware-myricom,firmware-netronome,firmware-netxen,firmware-qcom-media,firmware-qcom-soc,firmware-qlogic,firmware-realtek,firmware-samsung,firmware-siano,firmware-ti-connectivity	False
firmware-sof	1.7-1	firmware-sof-signed	False
flac	1.3.3-2+deb11u1	libflac8	False
flat-remix-gtk-theme	0.3.0+grm3u1	flat-remix-gtk-theme	False
flatpak	1.10.8-0+deb11u1	flatpak,libflatpak0	False
flite	2.2-2	libflite1	False
fluidsynth	2.1.7-1.1	libfluidsynth2	False
fontconfig	2.13.1-4.2	fontconfig,fontconfig-config,libfontconfig1	False
fonts-dejavu	2.37-2	fonts-dejavu-core	False
fonts-nanum	20200506-1	fonts-nanum,fonts-nanum-extra	False
fonts-naver-d2coding	1.3.2-2	fonts-naver-d2coding	False
fonts-noto-cjk	1:20201206-cjk+repack1-1	fonts-noto-cjk	False
fonts-quicksand	0.2016-2.1	fonts-quicksand	False
fonts-urw-base35	20200910-1	fonts-urw-base35	False
foo2zjs	20200505dfsg0-1	printer-driver-foo2zjs,printer-driver-foo2zjs-common	False
foomatic-db	20200820-1	foomatic-db-compressed-ppds,openprinting-ppds	False
freetype	2.10.4+dfsg-1+deb11u1	libfreetype6	False
fribidi	1.0.8-2+deb11u1	libfribidi0	False
fsarchiver	0.8.6-1	fsarchiver	False
fuse	2.9.9-5	fuse,libfuse2	False
fuse-exfat	1.3.0-2	exfat-fuse	False
game-music-emu	0.6.3-2	libgme0	False
gcc-10	10.2.1-6	cpp-10,gcc-10-base,libatomic1,libgcc-s1,libgfortran5,libgomp1,libquadmath0,libstdc++6	False
gcc-9	9.3.0-22	gcc-9-base	False
gcc-defaults	1.190	cpp	False
gconf	3.2.6-7	gconf-service,gconf2,gconf2-common,libgconf-2-4	False
gcr	3.38.1-2	gcr,libgck-1-0,libgcr-base-3-1,libgcr-ui-3-1	False
gdbm	1.19-2	libgdbm-compat4,libgdbm6	False
gdebi	0.9.5.7+nmu5-1+grm3u2	gdebi,gdebi-core	False
gdisk	1.0.6-1.1	gdisk	False
gdk-pixbuf	2.42.2+dfsg-1+deb11u1	gir1.2-gdkpixbuf-2.0,libgdk-pixbuf-2.0-0,libgdk-pixbuf2.0-bin,libgdk-pixbuf2.0-common	False
gdk-pixbuf-xlib	2.40.2-2	libgdk-pixbuf-xlib-2.0-0,libgdk-pixbuf2.0-0	False
gdm3	3.38.2.1-1	libgdm1	False
gedit	3.38.1-1+grm3u3	gedit,gedit-common	False
geoclue-2.0	2.5.7-3	libgeoclue-2-0	False
geocode-glib	3.26.2-2	libgeocode-glib0	False
gettext	0.21-4	gettext-base	False
gexiv2	0.12.1-1	libgexiv2-2	False
ghostscript	9.53.3~dfsg-7+deb11u5	ghostscript,libgs9,libgs9-common	False
giflib	5.1.9-2	libgif7	False
gjs	1.66.2-1	libgjs0g	False
glade	3.38.2-2	gir1.2-gladeui-2.0,libgladeui-2-13,libgladeui-common	False
glib-networking	2.66.0-2	glib-networking,glib-networking-common,glib-networking-services	False
glib2.0	2.66.8-1	libglib2.0-0,libglib2.0-bin,libglib2.0-data	False
glibc	2.31-13+deb11u6	libc-bin,libc-l10n,libc6,locales	False
glibmm2.4	2.64.2-2	libglibmm-2.4-1v5	False
glx-alternatives	1.2.1~deb11u1	glx-alternative-mesa,glx-alternative-nvidia,glx-diversions,update-glx	False
gmp	2:6.2.1+dfsg-1+deb11u1	libgmp10	False
gnome-autoar	0.2.4-3	libgnome-autoar-0-0	False
gnome-bluetooth	3.34.3-2+grm3u1	gnome-bluetooth,libgnome-bluetooth13	False
gnome-calculator	3.38.2-1	gnome-calculator	False
gnome-control-center	1:3.38.4-1+grm3u9	gnome-control-center,gnome-control-center-data	False
gnome-desktop3	3.38.5-3	gnome-desktop3-data,libgnome-desktop-3-19	False
gnome-flashback	3.38.0-2+grm3u2+han3u4	gnome-flashback,gnome-flashback-common,gnome-session-flashback	False
gnome-hwp-support	0.1.6-2	gnome-hwp-support	False
gnome-icon-theme	3.12.0-3	gnome-icon-theme	False
gnome-keyring	3.36.0-1	gnome-keyring,libpam-gnome-keyring	False
gnome-menus	3.36.0-1	gnome-menus,libgnome-menu-3-0	False
gnome-online-accounts	3.38.0-3	libgoa-1.0-0b,libgoa-1.0-common	False
gnome-panel	3.38.0-1+grm3u1	gnome-panel,gnome-panel-data,libgnome-panel0	False
gnome-screenshot	3.38.0-1+grm3u2	gnome-screenshot	False
gnome-session	3.38.0-4	gnome-session-bin,gnome-session-common	False
gnome-settings-daemon	3.38.2-1+grm3u1	gnome-settings-daemon,gnome-settings-daemon-common	False
gnome-terminal	3.38.3-1	gnome-terminal,gnome-terminal-data	False
gnome-themes-extra	3.28-1	gnome-themes-extra,gnome-themes-extra-data	False
gnupg2	2.2.27-2+deb11u2	dirmngr,gnupg,gnupg-l10n,gnupg-utils,gpg,gpg-agent,gpg-wks-client,gpg-wks-server,gpgconf,gpgsm,gpgv	False
gnutls28	3.7.1-5+deb11u3	libgnutls30	False
gobject-introspection	1.66.1-1	gir1.2-freedesktop,gir1.2-glib-2.0,libgirepository-1.0-1	False
gooroom-agent-service	0.4.8+grm3u1	gooroom-agent-service	True
gooroom-applauncher-applet	0.4.0+grm3u1+han3u2	gooroom-applauncher-applet	True
gooroom-archive-keyring	20201012+grm3u1	gooroom-archive-keyring	True
gooroom-artwork-common	1.3.3+grm3u1	gooroom-artwork-common	True
gooroom-artwork-gnome-flashback	0.4.4+grm3u1	gooroom-artwork-gnome-flashback	True
gooroom-bootsplash-theme	1.0.0+grm3u1+han3u1	gooroom-bootsplash-theme	True
gooroom-browser	3.5.0-1+grm3u3	gooroom-browser,gooroom-browser-l10n	True
gooroom-client-server-register	1.1.1+han3u1	gooroom-client-server-register	True
gooroom-dockbarx	1.3.0+grm3u3	gooroom-dockbarx,gooroom-dockbarx-common,gooroom-dockbarx-dockx	True
gooroom-dockbarx-applet	0.3.1+grm3u1+han3u1	gooroom-dockbarx-applet	True
gooroom-greeter	0.3.1+grm3u1+han3u2	gooroom-greeter	True
gooroom-guide	0.5.3+grm3u1+han3u1	gooroom-guide	True
gooroom-icon-themes	1.3.6+grm3u1+han3u2	gooroom-icon-themes	True
gooroom-indicator-applet	0.3.0+grm3u1	gooroom-indicator-applet	True
gooroom-info	3.3.0+grm3u1	gooroom-info	True
gooroom-integration-applet	0.3.1+grm3u1+han3u3	gooroom-integration-applet	True
gooroom-libsecurity-extensions	0.1.7+grm3u1	gooroom-libsecurity-extensions	True
gooroom-logout	0.3.0+grm3u1	gooroom-logout	True
gooroom-notice-applet	0.3.4+grm3u1	gooroom-notice-applet	True
gooroom-notifyd	0.5.0+grm3u1	gooroom-notifyd	True
gooroom-resource-access-control	1.4.9+grm3u1	grac-device-daemon,grac-editor	True
gooroom-security-status-tools	0.3.9+grm3u1	gooroom-security-status-tools	True
gooroom-security-utils	0.3.7+grm3u1	gooroom-security-utils	True
gooroom-session-manager	0.3.9+grm3u1+han3u2	gooroom-session-manager	True
gooroom-showdesktop-applet	0.2.0+grm3u1	gooroom-showdesktop-applet	True
gooroom-software	3.30.6+5+grm3u6	gooroom-software,gooroom-software-common,gooroom-software-plugin-flatpak	True
gooroom-translations	20230728+han3u1	gooroom-translations	True
gooroom-update	1.3.3+grm3u1	gooroom-update	True
gooroom-yelp-adjustments	0.3.10+han3u1	gooroom-yelp-adjustments	True
gooroomsystem	1.1.3+grm3u1	gooroomsystem	True
gpart	1:0.3-8	gpart	False
gparted	1.2.0-1	gparted,gparted-common	False
gpgme1.0	1.14.0-1	libgpgme11	False
gpm	1.20.7-8	libgpm2	False
graphite2	1.3.14-1	libgraphite2-3	False
grep	3.6-1+deb11u1	grep	False
groff	1.22.4-6	groff-base	False
grub2	2.06-3~deb11u5	grub-common,grub-pc,grub-pc-bin,grub2-common	False
gsettings-desktop-schemas	3.38.0-2	gsettings-desktop-schemas	False
gsound	1.0.2-5	libgsound0	False
gspell	1.8.4-1	libgspell-1-2,libgspell-1-common	False
gssdp	1.2.3-2	libgssdp-1.2-0	False
gst-libav1.0	1.18.4-3	gstreamer1.0-libav	False
gst-plugins-bad1.0	1.18.4-3+deb11u1	gstreamer1.0-plugins-bad,libgstreamer-plugins-bad1.0-0	False
gst-plugins-base1.0	1.18.4-2+deb11u1	gstreamer1.0-plugins-base,gstreamer1.0-x,libgstreamer-gl1.0-0,libgstreamer-plugins-base1.0-0	False
gst-plugins-good1.0	1.18.4-2+deb11u2	gstreamer1.0-plugins-good,gstreamer1.0-pulseaudio	False
gst-plugins-ugly1.0	1.18.4-2	gstreamer1.0-plugins-ugly	False
gstreamer-editing-services1.0	1.18.4-2	libges-1.0-0	False
gstreamer1.0	1.18.4-2.1	libgstreamer1.0-0	False
gtk+2.0	2.24.33-2+grm3u1	gtk2-engines-pixbuf,libgtk2.0-0,libgtk2.0-common	False
gtk+3.0	3.24.24-4+grm3u2	gir1.2-gtk-3.0,gtk-update-icon-cache,libgtk-3-0,libgtk-3-bin,libgtk-3-common	False
gtk2-engines-murrine	0.98.2-3	gtk2-engines-murrine	False
gtkmm3.0	3.24.2-2	libgtkmm-3.0-1v5	False
gtksourceview4	4.8.0-1	gir1.2-gtksource-4,libgtksourceview-4-0,libgtksourceview-4-common	False
gupnp	1.2.4-1	libgupnp-1.2-0	False
gupnp-av	0.12.11-2	libgupnp-av-1.0-2	False
gupnp-dlna	0.10.5-4	libgupnp-dlna-2.0-3	False
gupnp-igd	1.2.0-1	libgupnp-igd-1.0-4	False
gutenprint	5.3.3-5	libgutenprint-common,libgutenprint9,printer-driver-gutenprint	False
gvfs	1.46.2-1	gvfs,gvfs-backends,gvfs-common,gvfs-daemons,gvfs-libs	False
gzip	1.10-4+deb11u1	gzip	False
hancom-gooroom-themepack	0.3.3+han3u1	hancom-gooroom-themepack	True
hancom-toolkit	0.3.3+han3u1	hancom-toolkit	True
hancom-viewer-installer	0.2.2+han3u1	hancom-viewer-installer	True
hancomgrm-adjustments-utils	0.3.3+han3u1	hancomgrm-adjustments-utils	True
harfbuzz	2.7.4-1	gir1.2-harfbuzz-0.0,libharfbuzz-icu0,libharfbuzz0b	False
hicolor-icon-theme	0.17-2	hicolor-icon-theme	False
hostname	3.23	hostname	False
hp-ppd	0.9+nmu1	hp-ppd	False
hplip	3.21.2+dfsg1-2	hpijs-ppds,libhpmud0,printer-driver-hpcups,printer-driver-hpijs,printer-driver-postscript-hp	False
hunspell	1.7.0-3	libhunspell-1.7-0	False
hyphen	2.8.8-7	libhyphen0	False
ibus	1.5.23-2	libibus-1.0-5	False
icu	67.1-7	libicu67	False
ieee-data	20210605.1	ieee-data	False
ifupdown	0.8.36	ifupdown	False
ijs	0.35-15	libijs-0.35	False
ilmbase	2.5.4-1	libilmbase25	False
im-config	0.46-1+deb11u1	im-config	False
init-system-helpers	1.60	init,init-system-helpers	False
initramfs-tools	0.140	initramfs-tools,initramfs-tools-core	False
insserv	1.21.0-1.1	insserv	False
intel-mediasdk	21.1.0-1	libmfx1	False
intel-microcode	3.20230214.1~deb11u1	intel-microcode	False
iproute2	5.10.0-4	iproute2	False
iptables	1.8.7-1	iptables,libip4tc2,libip6tc2,libxtables12	False
iputils	3:20210202-1	iputils-ping	False
isc-dhcp	4.4.1-2.3+deb11u2	isc-dhcp-client,isc-dhcp-common	False
isl	0.23-1	libisl23	False
iso-codes	4.6.0-1	iso-codes	False
isoquery	3.2.4-1+deb11u1	isoquery	False
iucode-tool	2.3.1-1	iucode-tool	False
jackd2	1.9.17~dfsg-1	libjack-jackd2-0	False
jansson	2.13.1-1.1	libjansson4	False
jbig2dec	0.19-2	libjbig2dec0	False
jbigkit	2.1-3.1	libjbig0	False
json-c	0.15-2	libjson-c5	False
json-glib	1.6.2-1	libjson-glib-1.0-0,libjson-glib-1.0-common	False
kbd	2.3.0-3	kbd	False
keybinder-3.0	0.3.2-1.1	gir1.2-keybinder-3.0,libkeybinder-3.0-0	False
keyutils	1.6.1-2	keyutils,libkeyutils1	False
klibc	2.0.8-6.1	klibc-utils,libklibc	False
kmod	28-1	kmod,libkmod2	False
krb5	1.18.3-6+deb11u3	libgssapi-krb5-2,libk5crypto3,libkrb5-3,libkrb5support0	False
lame	3.100-3	libmp3lame0	False
lapack	3.9.0-3	libblas3,liblapack3	False
lcms2	2.12~rc1-2	liblcms2-2,liblcms2-utils	False
ldb	2:2.2.3-2~deb11u2	libldb2,python3-ldb	False
less	551-2	less	False
libarchive	3.4.3-2+deb11u1	libarchive13	False
libass	1:0.15.0-2	libass9	False
libassuan	2.5.3-7.1	libassuan0	False
libasyncns	0.8-6	libasyncns0	False
libatasmart	0.19-5	libatasmart4	False
libavc1394	0.5.4-5	libavc1394-0	False
libayatana-appindicator	0.5.5-2+deb11u2	libayatana-appindicator3-1	False
libayatana-indicator	0.8.4-1+deb11u2	ayatana-indicator-common,libayatana-indicator3-7	False
libb64	1.2-5	libb64-0d	False
libblockdev	2.25-2	libblockdev-crypto2,libblockdev-fs2,libblockdev-loop2,libblockdev-mdraid2,libblockdev-part-err2,libblockdev-part2,libblockdev-swap2,libblockdev-utils2,libblockdev2	False
libbluray	1:1.2.1-4+deb11u2	libbluray2	False
libbpf	0.3-2	libbpf0	False
libbs2b	3.1.0+dfsg-2.2	libbs2b0	False
libbsd	0.11.3-1	libbsd0	False
libbytesize	2.5-1	libbytesize-common,libbytesize1	False
libcaca	0.99.beta19-2.2	libcaca0	False
libcairo-gobject-perl	1.005-2	libcairo-gobject-perl	False
libcairo-perl	1.109-1	libcairo-perl	False
libcanberra	0.30-7	gnome-session-canberra,libcanberra-gtk-module,libcanberra-gtk0,libcanberra-gtk3-0,libcanberra-gtk3-module,libcanberra-pulse,libcanberra0	False
libcap-ng	0.7.9-2.2	libcap-ng0	False
libcap2	1:2.44-1	libcap2,libcap2-bin	False
libcdio	2.1.0-2	libcdio19	False
libcdio-paranoia	10.2+2.0.0-1	libcdio-cdda2,libcdio-paranoia2	False
libcue	2.2.1-3	libcue2	False
libdatrie	0.2.13-1	libdatrie1	False
libdbusmenu	18.10.20180917~bzr492+repack1-2	libdbusmenu-glib4,libdbusmenu-gtk3-4	False
libdc1394	2.2.6-3	libdc1394-25	False
libdca	0.0.7-2	libdca0	False
libde265	1.0.11-0+deb11u1	libde265-0	False
libdeflate	1.7-1	libdeflate0	False
libdrm	2.4.104-1	libdrm-amdgpu1,libdrm-common,libdrm-intel1,libdrm-nouveau2,libdrm-radeon1,libdrm2	False
libdv	1.0.0-13	libdv4	False
libdvdnav	6.1.0-1	libdvdnav4	False
libdvdread	6.1.1-2	libdvdread8	False
libedit	3.1-20191231-2	libedit2	False
libepoxy	1.5.5-1	libepoxy0	False
libept	1.2.1	libept1.6.0	False
libestr	0.1.10-2.1	libestr0	False
libevdev	1.11.0+dfsg-1	libevdev2	False
libevent	2.1.12-stable-1	libevent-2.1-7	False
libexif	0.6.22-3	libexif12	False
libextutils-depends-perl	0.8000-1	libextutils-depends-perl	False
libextutils-pkgconfig-perl	1.16-1.1	libextutils-pkgconfig-perl	False
libfastjson	0.99.9-1	libfastjson4	False
libffi	3.3-6	libffi7	False
libfontenc	1:1.1.4-1	libfontenc1	False
libgcrypt20	1.8.7-6	libgcrypt20	False
libgd2	2.3.0-2	libgd3	False
libgdata	0.17.13-3	libgdata-common,libgdata22	False
libgee-0.8	0.20.4-1	libgee-0.8-2	False
libglib-object-introspection-perl	0.049-1	libglib-object-introspection-perl	False
libglib-perl	3:1.329.3-1	libglib-perl	False
libglu	9.0.1-1	libglu1-mesa	False
libglvnd	1.3.2-1	libegl1,libgl1,libgles2,libglvnd0,libglx0	False
libgnomekbd	3.26.1-1	gkbd-capplet,libgnomekbd-common,libgnomekbd8	False
libgpg-error	1.38-2	libgpg-error0	False
libgphoto2	2.5.27-1	libgphoto2-6,libgphoto2-port12	False
libgsf	1.14.47-1	libgsf-1-114,libgsf-1-common	False
libgsm	1.0.18-2	libgsm1	False
libgtk3-perl	0.038-1	libgtk3-perl	False
libgtop2	2.40.0-2	libgtop-2.0-11,libgtop2-common	False
libgudev	234-1	libgudev-1.0-0	False
libgusb	0.3.5-1	libgusb2	False
libgweather	3.36.1-3	libgweather-3-16,libgweather-common	False
libgxps	0.3.2-1	libgxps2	False
libhandy-1	1.0.3-2	libhandy-1-0	False
libhangul	0.1.0+git20191003-2	libhangul-data,libhangul1	False
libhx	3.25-2	libhx32	False
libical3	3.0.9-2	libical3	False
libice	2:1.0.10-1	libice6	False
libidn	1.33-3	libidn11	False
libidn2	2.3.0-5	libidn2-0	False
libiec61883	1.2.0-4	libiec61883-0	False
libieee1284	0.2.11-14	libieee1284-3	False
libimagequant	2.12.2-1.1	libimagequant0	False
libimobiledevice	1.3.0-6	libimobiledevice6	False
libinput	1.16.4-3	libinput-bin,libinput10	False
libinstpatch	1.1.6-1	libinstpatch-1.0-2	False
libiptcdata	1.0.5-2.3	libiptcdata0	False
libjpeg-turbo	1:2.0.6-4	libjpeg62-turbo	False
libjsoncpp	1.9.4-4	libjsoncpp24	False
libkate	0.4.1-11	libkate1	False
libksba	1.5.0-3+deb11u2	libksba8	False
liblocale-gettext-perl	1.07-4	liblocale-gettext-perl	False
liblognorm	2.0.5-1.1	liblognorm5	False
libltc	1.3.1-1	libltc11	False
libmanette	0.2.5-1	libmanette-0.2-0	False
libmd	1.0.3-3	libmd0	False
libmediaart	1.9.4-3	libmediaart-2.0-0	False
libmms	0.6.4-3	libmms0	False
libmnl	1.0.4-3	libmnl0	False
libmodplug	1:0.8.9.0-3	libmodplug1	False
libmpc	2:0.1~r495-2	libmpcdec6	False
libmtp	1.1.17-3	libmtp-common,libmtp9	False
libmysofa	1.2~dfsg0-1	libmysofa1	False
libndp	1.6-1	libndp0	False
libnetfilter-conntrack	1.0.8-3	libnetfilter-conntrack3	False
libnfnetlink	1.0.1-3	libnfnetlink0	False
libnfs	4.0.0-1	libnfs13	False
libnftnl	1.1.9-1	libnftnl11	False
libnice	0.1.16-1	gstreamer1.0-nice,libnice10	False
libnl3	3.4.0-1	libnl-3-200,libnl-genl-3-200,libnl-route-3-200	False
libnma	1.8.30-1+grm3u2	libnma-common,libnma0	False
libnotify	0.7.9-3	gir1.2-notify-0.7,libnotify-bin,libnotify4	False
libnsl	1.3.0-2	libnsl2	False
libofa	0.9.3-21	libofa0	False
libogg	1.3.4-0.1	libogg0	False
libopenmpt	0.4.11-1	libopenmpt0	False
libosinfo	1.8.0-1	libosinfo-1.0-0	False
libpam-mount	2.18-1	libpam-mount	False
libpaper	1.1.28	libpaper1	False
libpcap	1.10.0-2	libpcap0.8	False
libpciaccess	0.16-1	libpciaccess0	False
libpeas	1.28.0-2	gir1.2-peas-1.0,libpeas-1.0-0,libpeas-common	False
libpgm	5.3.128~dfsg-2	libpgm-5.3-0	False
libpipeline	1.5.3-1	libpipeline1	False
libplist	2.2.0-6	libplist3	False
libpng1.6	1.6.37-3	libpng16-16	False
libproxy	0.4.17-1	libproxy1v5	False
libpsl	0.21.0-1.2	libpsl5	False
libpwquality	1.4.4-1	libpam-pwquality,libpwquality-common,libpwquality-tools,libpwquality1,python3-pwquality	False
libquvi	0.9.3-1.3	libquvi-0.9-0.9.3	False
libquvi-scripts	0.9.20131130-1.2	libquvi-scripts-0.9	False
librabbitmq	0.10.0-1	librabbitmq4	False
libraw1394	2.1.2-2	libraw1394-11	False
librest	0.8.1-1.1	librest-0.7-0	False
librsvg	2.50.3+dfsg-1	librsvg2-2,librsvg2-common	False
libsamplerate	0.2.1+ds0-1	libsamplerate0	False
libsdl2	2.0.14+dfsg2-3+deb11u1	libsdl2-2.0-0	False
libseccomp	2.5.1-1+deb11u1	libseccomp2	False
libsecret	0.20.4-2	libsecret-1-0,libsecret-common	False
libselinux	3.1-3	libselinux1	False
libsemanage	3.1-1	libsemanage-common,libsemanage1	False
libsepol	3.1-1	libsepol1	False
libshout	2.4.5-1	libshout3	False
libsidplay	1.36.60-1	libsidplay1v5	False
libsigc++-2.0	2.10.4-2	libsigc++-2.0-0v5	False
libsm	2:1.2.3-1	libsm6	False
libsndfile	1.0.31-2	libsndfile1	False
libsodium	1.0.18-1	libsodium23	False
libsoup2.4	2.72.0-2	gir1.2-soup-2.4,libsoup-gnome2.4-1,libsoup2.4-1	False
libsoxr	0.1.3-4	libsoxr0	False
libsrtp2	2.3.0-5	libsrtp2-1	False
libssh	0.9.7-0+deb11u1	libssh-gcrypt-4	False
libssh2	1.9.0-2	libssh2-1	False
libtasn1-6	4.16.0-2+deb11u1	libtasn1-6	False
libteam	1.31-1	libteamdctl0	False
libtext-charwidth-perl	0.04-10	libtext-charwidth-perl	False
libtext-iconv-perl	1.7-7	libtext-iconv-perl	False
libtext-wrapi18n-perl	0.06-9	libtext-wrapi18n-perl	False
libthai	0.1.28-3	libthai-data,libthai0	False
libtheora	1.1.1+dfsg.1-15	libtheora0	False
libtirpc	1.3.1-1+deb11u1	libtirpc-common,libtirpc3	False
libtool	2.4.6-15	libltdl7	False
libudfread	1.1.1-1	libudfread0	False
libunistring	0.9.10-4	libunistring2	False
libunwind	1.3.2-2	libunwind8	False
libusb-1.0	2:1.0.24-3	libusb-1.0-0	False
libusbmuxd	2.0.2-3	libusbmuxd6	False
libva	2.10.0-1	libva-drm2,libva-wayland2,libva-x11-2,libva2	False
libvdpau	1.4-3	libvdpau1	False
libvidstab	1.1.0-2	libvidstab1.1	False
libvisual	0.4.0-17	libvisual-0.4-0	False
libvorbis	1.3.7-1	libvorbis0a,libvorbisenc2,libvorbisfile3	False
libvpx	1.9.0-1	libvpx6	False
libwacom	1.8-2	libwacom-common,libwacom2	False
libwebp	0.6.1-2.1+deb11u1	libwebp6,libwebpdemux2,libwebpmux3	False
libwnck3	3.36.0-1	gir1.2-wnck-3.0,libwnck-3-0,libwnck-3-common	False
libwpe	1.10.0-2	libwpe-1.0-1	False
libx11	2:1.7.2-1+deb11u1	libx11-6,libx11-data,libx11-xcb1	False
libxau	1:1.0.9-1	libxau6	False
libxaw	2:1.0.13-1.1	libxaw7	False
libxcb	1.14-3	libxcb-dri2-0,libxcb-dri3-0,libxcb-glx0,libxcb-present0,libxcb-randr0,libxcb-render0,libxcb-shape0,libxcb-shm0,libxcb-sync1,libxcb-xfixes0,libxcb-xinerama0,libxcb-xinput0,libxcb-xkb1,libxcb1	False
libxcomposite	1:0.4.5-1	libxcomposite1	False
libxcrypt	1:4.4.18-4	libcrypt1	False
libxcursor	1:1.2.0-2	libxcursor1	False
libxdamage	1:1.1.5-2	libxdamage1	False
libxdmcp	1:1.1.2-3	libxdmcp6	False
libxext	2:1.3.3-1.1	libxext6	False
libxfixes	1:5.0.3-2	libxfixes3	False
libxfont	1:2.0.4-1	libxfont2	False
libxi	2:1.7.10-1	libxi6	False
libxinerama	2:1.1.4-2	libxinerama1	False
libxkbcommon	1.0.3-2	libxkbcommon-x11-0,libxkbcommon0,libxkbregistry0	False
libxkbfile	1:1.1.0-1	libxkbfile1	False
libxklavier	5.4-4	libxklavier16	False
libxml2	2.9.10+dfsg-6.7+deb11u4	libxml2	False
libxmu	2:1.1.2-2	libxmu6,libxmuu1	False
libxpm	1:3.5.12-1.1~deb11u1	libxpm4	False
libxpresent	1.0.0-2	libxpresent1	False
libxrandr	2:1.5.1-1	libxrandr2	False
libxrender	1:0.9.10-1	libxrender1	False
libxres	2:1.2.0-4	libxres1	False
libxshmfence	1.3-1	libxshmfence1	False
libxslt	1.1.34-4+deb11u1	libxslt1.1	False
libxss	1:1.2.3-1	libxss1	False
libxt	1:1.2.0-1	libxt6	False
libxtst	2:1.2.3-1	libxtst6	False
libxv	2:1.0.11-1	libxv1	False
libxvmc	2:1.0.12-2	libxvmc1	False
libxxf86dga	2:1.1.4-1	libxxf86dga1	False
libxxf86vm	1:1.1.4-1	libxxf86vm1	False
libyaml	0.2.2-1	libyaml-0-2	False
libzstd	1.4.8+dfsg-2.1	libzstd1	False
lightdm	1.26.0-7+grm3u1	liblightdm-gobject-1-0,lightdm	False
lilv	0.24.12-2	liblilv-0-0	False
linux	5.10.179-1+grm3u1	linux-image-5.10.0-23-amd64	False
linux-base	4.6	linux-base	False
linux-signed-amd64	5.10.179+1+grm3u1	linux-image-amd64	False
live-boot	1:20210208	live-boot,live-boot-initramfs-tools	False
live-config	11.0.3+grm3u1	live-config,live-config-systemd	False
live-installer	2023.06.30+han3u1	live-installer	True
live-tools	1:20190831	live-tools	False
llvm-toolchain-11	1:11.0.1-2	libllvm11	False
lm-sensors	1:3.6.0-7	libsensors-config,libsensors5	False
lmdb	0.9.24-1	liblmdb0	False
logrotate	3.18.0-2+deb11u1	logrotate	False
lsb	11.1.0	lsb-base,lsb-release	False
lsof	4.93.2+dfsg-1.1	lsof	False
lua-bitop	1.0.2-5	lua-bitop	False
lua-expat	1.3.0-4	lua-expat	False
lua-json	1.3.4-2	lua-json	False
lua-lpeg	1.0.2-1	lua-lpeg	False
lua5.2	5.2.4-1.1	liblua5.2-0	False
luasocket	3.0~rc1+git+ac3201d-4	lua-socket	False
lvm2	2.03.11-2.1	dmsetup,libdevmapper1.02.1	False
lz4	1.9.3-2	liblz4-1	False
lzo2	2.10-2	liblzo2-2	False
m2300w	0.51-14	printer-driver-m2300w	False
mailcap	3.69	mailcap	False
malcontent	0.10.0-2	gir1.2-malcontent-0,libmalcontent-0-0,libmalcontent-ui-0-0,malcontent,malcontent-gui	False
man-db	2.9.4-2	man-db	False
mawk	1.3.4.20200120-2	mawk	False
md4c	0.4.7-2	libmd4c0	False
mdadm	4.1-11	mdadm	False
media-types	4.0.0	media-types	False
menu	2.1.48	menu	False
mesa	20.3.5-1	libegl-mesa0,libgbm1,libgl1-mesa-dri,libglapi-mesa,libglx-mesa0,libxatracker2	False
metacity	1:3.38.0-2+grm3u1	libmetacity3,metacity,metacity-common	False
mime-support	3.66	mime-support	False
min12xxw	0.0.9-11	printer-driver-min12xxw	False
minizip	1.1-8	libminizip1	False
mjpegtools	1:2.1.0+debian-6	libmjpegutils-2.1-0,libmpeg2encpp-2.1-0,libmplex2-2.1-0	False
modemmanager	1.14.12-0.2	libmm-glib0	False
moka-icon-theme	5.4.0.3-1	moka-icon-theme	False
mousetweaks	3.32.0-3+grm3u1	mousetweaks	False
mozjs78	78.4.0-2	libmozjs-78-0	False
mpclib3	1.2.0-1	libmpc3	False
mpdecimal	2.5.1-1	libmpdec3	False
mpeg2dec	0.5.1-9	libmpeg2-4	False
mpfr4	4.1.0-3	libmpfr6	False
mpg123	1.26.4-1	libmpg123-0	False
mpv	0.32.0-3	libmpv1	False
mtdev	1.1.6-1	libmtdev1	False
nano	5.4-2+deb11u2	nano	False
nautilus	3.38.2-1+deb11u1+grm3u8	libnautilus-extension1a,nautilus,nautilus-data	False
ncurses	6.2+20201114-2+deb11u1	libncurses6,libncursesw6,libtinfo6,ncurses-base,ncurses-bin	False
neon27	0.31.2-1	libneon27	False
net-snmp	5.9+dfsg-4+deb11u1	libsnmp-base,libsnmp40	False
netbase	6.3	netbase	False
netifaces	0.10.9-0.2	python3-netifaces	False
nettle	3.7.3-1	libhogweed6,libnettle8	False
network-manager	1.30.0-2+grm3u3	libnm0,network-manager	False
network-manager-applet	1.20.0-3+grm3u4	network-manager-gnome	False
network-manager-openvpn	1.8.12-2	network-manager-openvpn,network-manager-openvpn-gnome	False
newt	0.52.21-4	libnewt0.52,whiptail	False
nftables	0.9.8-3.1+deb11u1	libnftables1,nftables	False
nghttp2	1.43.0-1	libnghttp2-14	False
nimf	2023.06.30+grm3u1	libnimf1,nimf,nimf-libhangul	True
norm	1.5.9+dfsg-2	libnorm1	False
npth	1.6-3	libnpth0	False
nspr	2:4.29-1	libnspr4	False
nss	2:3.61-1+deb11u3	libnss3	False
ntfs-3g	1:2017.3.23AR.3-4+deb11u3	libntfs-3g883,ntfs-3g	False
numactl	2.0.12-1	libnuma1	False
numix-icon-theme	0~20190920-1	numix-icon-theme	False
numix-icon-theme-circle	20.09.19-1	numix-icon-theme-circle	False
numpy	1:1.19.5-1	python3-numpy	False
nvidia-graphics-drivers-tesla-470	470.182.03-1~deb11u1	nvidia-tesla-470-alternative,nvidia-tesla-470-kernel-support	False
nvidia-modprobe	470.182.03-1	nvidia-modprobe	False
nvidia-settings	470.141.03-1~deb11u1	libxnvctrl0	False
nvidia-support	20151021+13	nvidia-installer-cleanup,nvidia-kernel-common	False
ocl-icd	2.2.14-2	ocl-icd-libopencl1	False
openal-soft	1:1.19.1-2	libopenal-data,libopenal1	False
opencore-amr	0.1.5-1	libopencore-amrnb0,libopencore-amrwb0	False
openexr	2.5.4-2+deb11u1	libopenexr25	False
openjpeg2	2.4.0-3	libopenjp2-7	False
openldap	2.4.57+dfsg-3+deb11u1	libldap-2.4-2	False
openni2	2.2.0.33+dfsg-15	libopenni2-0	False
openssl	1.1.1n-0+deb11u5	libssl1.1,openssl	False
openvpn	2.5.1-3	openvpn	False
opus	1.3.1-0.1	libopus0	False
orc	1:0.4.32-1	liborc-0.4-0	False
os-prober	1.79	os-prober	False
osinfo-db	0.20210215-1	osinfo-db	False
ostree	2020.8-2+deb11u1	libostree-1-1	False
p11-kit	0.23.22-1	libp11-kit0,p11-kit,p11-kit-modules	False
p7zip	16.02+dfsg-8+grm3u1	p7zip,p7zip-full	False
packagekit	1.2.2-2	gir1.2-packagekitglib-1.0,libpackagekit-glib2-18,packagekit,packagekit-tools	False
pam	1.4.0-9+deb11u1	libpam-modules,libpam-modules-bin,libpam-runtime,libpam0g	False
pam-gooroom	0.4.3+grm3u1	pam-gooroom	True
pango1.0	1.46.2-3	gir1.2-pango-1.0,libpango-1.0-0,libpangocairo-1.0-0,libpangoft2-1.0-0,libpangoxft-1.0-0	False
pangomm	2.42.1-1	libpangomm-1.4-1v5	False
papirus-icon-theme	20210201-1	papirus-icon-theme	False
parted	3.4-1	libparted-fs-resize0,libparted2,parted	False
pci.ids	0.0~2021.02.08-1	pci.ids	False
pciutils	1:3.7.0-5	libpci3	False
pcre2	10.36-2+deb11u1	libpcre2-16-0,libpcre2-8-0	False
pcre3	2:8.39-13	libpcre3	False
pcsc-lite	1.9.1-1	libpcsclite1	False
perl	5.32.1-4+deb11u2	libperl5.32,perl,perl-base,perl-modules-5.32	False
pillow	8.1.2+dfsg-0.3+deb11u1	python3-pil	False
pinentry	1.1.0-4	pinentry-curses,pinentry-gnome3	False
pipewire	0.3.19-4	libpipewire-0.3-0,libspa-0.2-modules	False
pixman	0.40.0-1.1~deb11u1	libpixman-1-0	False
pkcs11-helper	1.27-1	libpkcs11-helper1	False
pkg-config	0.29.2-1	pkg-config	False
plymouth	0.9.5-3	libplymouth5,plymouth	False
pnm2ppa	1.13-10	printer-driver-pnm2ppa	False
pocketsphinx	0.8+5prealpha+1-13	libpocketsphinx3	False
policykit-1	0.105-31+nDeb11u1+grm3u1	gir1.2-polkit-1.0,libpolkit-agent-1-0,libpolkit-gobject-1-0,policykit-1	False
poppler	20.09.0-3.1+deb11u1	libpoppler-cpp0v5,libpoppler-glib8,libpoppler102,poppler-utils	False
poppler-data	0.4.10-1	poppler-data	False
popt	1.18-2	libpopt0	False
printing-metas	0.20200223	printer-driver-all	False
procps	2:3.3.17-5	libprocps8,procps	False
psmisc	23.4-2	psmisc	False
ptouch-driver	1.5.1-2	printer-driver-ptouch	False
pulseaudio	14.2-2	libpulse-mainloop-glib0,libpulse0,libpulsedsp,pulseaudio,pulseaudio-module-bluetooth,pulseaudio-utils	False
pxljr	1.4+repack0-5	printer-driver-pxljr	False
py3dns	3.2.1-1	python3-dns	False
pycairo	1.16.2-4	python3-cairo	False
pygobject	3.38.0-2	python3-gi,python3-gi-cairo	False
pyinotify	0.9.6-1.3	python3-pyinotify	False
pyopenssl	20.0.1-1	python3-openssl	False
pyparted	3.11.7-0.1	python3-parted	False
pyqt5	5.15.2+dfsg-3	python3-pyqt5	False
pyqt5-sip	12.8.1-1	python3-pyqt5.sip	False
python-apt	2.2.1	python-apt-common,python3-apt	False
python-certifi	2020.6.20-1	python3-certifi	False
python-cffi	1.14.5-1	python3-cffi-backend	False
python-cryptography	3.3.2-1	python3-cryptography	False
python-cups	2.0.1-4	python3-cups	False
python-debian	0.1.39	python3-debian	False
python-distro	1.5.0-1	python3-distro	False
python-gnupg	0.4.6-1	python3-gnupg	False
python-httplib2	0.18.1-3	python3-httplib2	False
python-idna	2.10-1	python3-idna	False
python-iptables	1.0.0-1	python3-iptables	False
python-psutil	5.8.0-1	python3-psutil	False
python-systemd	234-3	python3-systemd	False
python-urllib3	1.26.5-1~exp1	python3-urllib3	False
python-xlib	0.29-1	python3-xlib	False
python2.7	2.7.18-8	libpython2.7-minimal,libpython2.7-stdlib,python2.7,python2.7-minimal	False
python3-defaults	3.9.2-3	libpython3-stdlib,python3,python3-minimal	False
python3-stdlib-extensions	3.9.2-1	python3-distutils,python3-lib2to3	False
python3.9	3.9.2-1	libpython3.9,libpython3.9-minimal,libpython3.9-stdlib,python3.9,python3.9-minimal	False
pyudev	0.22.0-2	python3-pyudev	False
pyxdg	0.27-2	python3-xdg	False
qpdf	10.1.0-1	libqpdf28	False
qtbase-opensource-src	5.15.2+dfsg-9+grm3u1	libqt5core5a,libqt5dbus5,libqt5gui5,libqt5network5,libqt5printsupport5,libqt5sql5,libqt5test5,libqt5widgets5,libqt5xml5	False
qttools-opensource-src	5.15.2-5	libqt5designer5,libqt5help5	False
rastertosag-gdi	0.1-7	printer-driver-sag-gdi	False
re2	20210201+dfsg-1	libre2-9	False
readline	8.1-1	libreadline8,readline-common	False
requests	2.25.1+dfsg-2	python3-requests	False
rsync	3.2.3-4+deb11u1	rsync	False
rsyslog	8.2102.0-2+deb11u1	rsyslog	False
rtmpdump	2.4+20151223.gitfa8646d.1-2	librtmp1	False
rubberband	1.9.0-1	librubberband2	False
rygel	0.40.0-1	librygel-core-2.6-2,librygel-db-2.6-2,librygel-renderer-2.6-2,librygel-server-2.6-2,rygel	False
samba	2:4.13.13+dfsg-1~deb11u5	libsmbclient,libwbclient0,samba-libs	False
sane-backends	1.0.31-4.1	libsane-common,libsane1	False
sbc	1.5-3	libsbc1	False
scowl	2019.10.06-1	hunspell-en-us	False
sed	4.7-1	sed	False
sensible-utils	0.0.14	sensible-utils	False
serd	0.30.10-2	libserd-0-0	False
setuptools	52.0.0-4	python3-pkg-resources	False
shadow	1:4.8.1-1	login,passwd	False
shared-mime-info	2.0-1	shared-mime-info	False
shine	3.1.1-2	libshine3	False
simplejson	3.17.2-1	python3-simplejson	False
six	1.16.0-2	python3-six	False
slang2	2.3.2-5	libslang2	False
snappy	1.1.8-1	libsnappy1v5	False
sndio	1.5.0-3	libsndio7.0	False
snowball	2.1.0-1	libstemmer0d	False
sord	0.16.8-2	libsord-0-0	False
sound-theme-freedesktop	0.8-2	sound-theme-freedesktop	False
soundtouch	2.2+ds1-2	libsoundtouch1	False
spandsp	0.0.6+dfsg-2	libspandsp2	False
speex	1.2~rc1.2-1.1	libspeex1,libspeexdsp1	False
sphinxbase	0.8+5prealpha+1-12	libsphinxbase3	False
splix	2.0.0+svn315-7	printer-driver-splix	False
sqlite3	3.34.1-3	libsqlite3-0	False
sratom	0.6.8-1	libsratom-0-0	False
srt	1.4.2-1.3	libsrt1.4-gnutls	False
ssl-cert	1.1.0+nmu1	ssl-cert	False
startpar	0.64-3	startpar	False
startup-notification	0.12-6	libstartup-notification0	False
sudo	1.9.5p2-3+deb11u1	sudo	False
synaptic	0.90.2+grm3u3	synaptic	False
system-config-printer	1.5.14-1+grm3u1	python3-cupshelpers,system-config-printer,system-config-printer-common	False
systemd	247.3-7+deb11u4	libpam-systemd,libsystemd0,libudev1,systemd,systemd-sysv,systemd-timesyncd,udev	False
sysvinit	2.96-7+deb11u1	sysv-rc,sysvinit-utils	False
taglib	1.11.1+dfsg.1-3	libtag1v5,libtag1v5-vanilla	False
talloc	2.3.1-2	libtalloc2,python3-talloc	False
tar	1.34+dfsg-1	tar	False
tasksel	3.68+deb11u1	tasksel,tasksel-data	False
tcp-wrappers	7.6.q-31	libwrap0	False
tdb	1.4.3-1	libtdb1	False
telepathy-glib	0.24.1-3	libtelepathy-glib0	False
tepl	5.0.1-2	libtepl-5-0	False
tevent	0.10.2-1	libtevent0	False
tiff	4.2.0-1+deb11u4	libtiff5	False
timgm6mb-soundfont	1.3-5	timgm6mb-soundfont	False
totem-pl-parser	3.26.5-5	libtotem-plparser-common,libtotem-plparser18	False
tracker	2.3.6-2	libtracker-control-2.0-0,libtracker-miner-2.0-0,libtracker-sparql-2.0-0,tracker	False
tracker-miners	2.3.5-2.1	tracker-extract,tracker-miner-fs	False
trousers	0.3.14+fixed1-1.2	libtspi1	False
tumbler	4.16.0-1	libtumbler-1-0,tumbler,tumbler-common	False
twolame	0.4.0-2	libtwolame0	False
tzdata	2021a-1+deb11u10	tzdata	False
ucf	3.0043	ucf	False
uchardet	0.0.7-1	libuchardet0	False
udisks2	2.9.2-2+deb11u1	libudisks2-0,udisks2	False
unzip	6.0-26+deb11u1	unzip	False
upower	0.99.11-2	libupower-glib3,upower	False
usb.ids	2023.01.16-0+deb11u1	usb.ids	False
user-setup	1.88	user-setup	False
util-linux	2.36.1-8+deb11u1	bsdextrautils,bsdutils,eject,fdisk,libblkid1,libfdisk1,libmount1,libsmartcols1,libuuid1,mount,util-linux	False
v4l-utils	1.20.0-2	libv4l-0,libv4lconvert0	False
vim	2:8.2.2434-3+deb11u1	vim-common,vim-tiny,xxd	False
vo-aacenc	0.1.3-2	libvo-aacenc0	False
vo-amrwbenc	0.1.3-2	libvo-amrwbenc0	False
volume-key	0.3.12-3.1	libvolume-key1	False
vte2.91	0.62.3-1	gir1.2-vte-2.91,libvte-2.91-0,libvte-2.91-common	False
vulkan-loader	1.2.162.0-1	libvulkan1	False
wavpack	5.4.0-1	libwavpack1	False
wayland	1.18.0-2~exp1.1	libwayland-client0,libwayland-cursor0,libwayland-egl1,libwayland-server0	False
webkit2gtk	2.40.3-2~deb11u2	gir1.2-javascriptcoregtk-4.0,gir1.2-webkit2-4.0,libjavascriptcoregtk-4.0-18,libwebkit2gtk-4.0-37	False
webrtc-audio-processing	0.3-1	libwebrtc-audio-processing1	False
wget	1.21-1+deb11u1	wget	False
wildmidi	0.4.3-1	libwildmidi2	False
woff2	1.0.2-1	libwoff1	False
wpa	2:2.9.0-21	wpasupplicant	False
wpebackend-fdo	1.8.0-1	libwpebackend-fdo-1.0-1	False
x11-apps	7.7+8	x11-apps	False
x11-session-utils	7.7+4	x11-session-utils	False
x11-utils	7.7+5	x11-utils	False
x11-xkb-utils	7.7+5	x11-xkb-utils	False
x11-xserver-utils	7.7+8	x11-xserver-utils	False
x264	2:0.160.3011+gitcde9a93-2.1	libx264-160	False
x265	3.4-2	libx265-192	False
xapian-core	1.4.18-3+deb11u1	libxapian30	False
xauth	1:1.1-1	xauth	False
xawtv	3.107-1	streamer,xawtv-plugins	False
xcb-util	0.4.0-1	libxcb-util1	False
xcb-util-image	0.4.0-1	libxcb-image0	False
xcb-util-keysyms	0.4.0-1	libxcb-keysyms1	False
xcb-util-renderutil	0.3.9-1	libxcb-render-util0	False
xcb-util-wm	0.4.1-1.1	libxcb-icccm4	False
xdg-dbus-proxy	0.1.2-2	xdg-dbus-proxy	False
xdg-desktop-portal	1.8.1-1	xdg-desktop-portal	False
xdg-desktop-portal-gtk	1.8.0-1	xdg-desktop-portal-gtk	False
xdg-user-dirs	0.17-2	xdg-user-dirs	False
xdg-utils	1.1.3-4.1	xdg-utils	False
xf86-input-wacom	0.34.99.1-1	xserver-xorg-input-wacom	False
xfonts-encodings	1:1.0.4-2.1	xfonts-encodings	False
xfonts-utils	1:7.7+6	xfonts-utils	False
xft	2.3.2-2	libxft2	False
xinit	1.4.0-1	xinit	False
xkeyboard-config	2.29-2	xkb-data	False
xorg	1:7.7+22	x11-common,xbase-clients,xserver-xorg,xserver-xorg-input-all,xserver-xorg-video-all,xutils	False
xorg-server	2:1.20.11-1+deb11u6	xserver-common,xserver-xorg-core,xserver-xorg-legacy,xwayland	False
xserver-xorg-input-libinput	0.30.0-1	xserver-xorg-input-libinput	False
xserver-xorg-video-amdgpu	19.1.0-2	xserver-xorg-video-amdgpu	False
xserver-xorg-video-ati	1:19.1.0-2	xserver-xorg-video-ati,xserver-xorg-video-radeon	False
xserver-xorg-video-fbdev	1:0.5.0-1	xserver-xorg-video-fbdev	False
xserver-xorg-video-intel	2:2.99.917+git20200714-1+deb11u1	xserver-xorg-video-intel	False
xserver-xorg-video-nouveau	1:1.0.17-1	xserver-xorg-video-nouveau	False
xserver-xorg-video-qxl	0.1.5+git20200331-1	xserver-xorg-video-qxl	False
xserver-xorg-video-vesa	1:2.5.0-1	xserver-xorg-video-vesa	False
xserver-xorg-video-vmware	1:13.3.0-3	xserver-xorg-video-vmware	False
xvidcore	2:1.3.7-1	libxvidcore4	False
xxhash	0.8.0-2	libxxhash0	False
xz-utils	5.2.5-2.1~deb11u1	liblzma5,xz-utils	False
yelp	3.38.3-1+han3u3	libyelp0,yelp	False
yelp-xsl	3.38.3-1	yelp-xsl	False
z3	4.8.10-1	libz3-4	False
zbar	0.23.90-1	libzbar0	False
zeitgeist	1.0.3-4	libzeitgeist-2.0-0,python3-zeitgeist,zeitgeist,zeitgeist-core,zeitgeist-datahub	False
zenity	3.32.0-6	zenity,zenity-common	False
zeromq3	4.3.4-1	libzmq5	False
zip	3.0-12	zip	False
zlib	1:1.2.11.dfsg-2+deb11u2	zlib1g	False
zvbi	0.2.35-18	libzvbi-common,libzvbi0	False
