source	source_version	role	status	repository	directory	dsc_name	dsc_sha256	url
accountsservice	0.6.55-3+grm3u1	rebuild-arm64	missing-exact-signed-dsc			accountsservice_0.6.55-3+grm3u1.dsc		
adduser	3.118+grm3u1	reuse-all	missing-exact-signed-dsc			adduser_3.118+grm3u1.dsc		
arc-icon-theme	20161113+grm3u1	reuse-all	missing-exact-signed-dsc			arc-icon-theme_20161113+grm3u1.dsc		
arc-theme	20200513-1+grm2u1+han3u2	reuse-all	missing-exact-signed-dsc			arc-theme_20200513-1+grm2u1+han3u2.dsc		
celluloid	0.20-2+grm3u6	rebuild-arm64	missing-exact-signed-dsc			celluloid_0.20-2+grm3u6.dsc		
cups-pk-helper	0.2.6-1ubuntu3+grm3u1	rebuild-arm64	missing-exact-signed-dsc			cups-pk-helper_0.2.6-1ubuntu3+grm3u1.dsc		
debian-system-adjustments	3.2.1+grm3u1	reuse-all	missing-exact-signed-dsc			debian-system-adjustments_3.2.1+grm3u1.dsc		
dpkg	1.20.12+grm3u1	rebuild-arm64	missing-exact-signed-dsc			dpkg_1.20.12+grm3u1.dsc		
eog	3.38.2-1+grm3u4	rebuild-arm64	missing-exact-signed-dsc			eog_3.38.2-1+grm3u4.dsc		
file-roller	3.38.1-1+grm3u3	rebuild-arm64	missing-exact-signed-dsc			file-roller_3.38.1-1+grm3u3.dsc		
flat-remix-gtk-theme	0.3.0+grm3u1	reuse-all	missing-exact-signed-dsc			flat-remix-gtk-theme_0.3.0+grm3u1.dsc		
gdebi	0.9.5.7+nmu5-1+grm3u2	reuse-all	missing-exact-signed-dsc			gdebi_0.9.5.7+nmu5-1+grm3u2.dsc		
gedit	3.38.1-1+grm3u3	rebuild-arm64	missing-exact-signed-dsc			gedit_3.38.1-1+grm3u3.dsc		
gnome-bluetooth	3.34.3-2+grm3u1	rebuild-arm64	missing-exact-signed-dsc			gnome-bluetooth_3.34.3-2+grm3u1.dsc		
gnome-control-center	1:3.38.4-1+grm3u9	rebuild-arm64	missing-exact-signed-dsc			gnome-control-center_3.38.4-1+grm3u9.dsc		
gnome-flashback	3.38.0-2+grm3u2+han3u4	rebuild-arm64	missing-exact-signed-dsc			gnome-flashback_3.38.0-2+grm3u2+han3u4.dsc		
gnome-panel	3.38.0-1+grm3u1	rebuild-arm64	missing-exact-signed-dsc			gnome-panel_3.38.0-1+grm3u1.dsc		
gnome-screenshot	3.38.0-1+grm3u2	rebuild-arm64	missing-exact-signed-dsc			gnome-screenshot_3.38.0-1+grm3u2.dsc		
gnome-settings-daemon	3.38.2-1+grm3u1	rebuild-arm64	missing-exact-signed-dsc			gnome-settings-daemon_3.38.2-1+grm3u1.dsc		
gooroom-agent-service	0.4.8+grm3u1	reuse-all	missing-exact-signed-dsc			gooroom-agent-service_0.4.8+grm3u1.dsc		
gooroom-applauncher-applet	0.4.0+grm3u1+han3u2	rebuild-arm64	missing-exact-signed-dsc			gooroom-applauncher-applet_0.4.0+grm3u1+han3u2.dsc		
gooroom-archive-keyring	20201012+grm3u1	reuse-all	missing-exact-signed-dsc			gooroom-archive-keyring_20201012+grm3u1.dsc		
gooroom-artwork-common	1.3.3+grm3u1	reuse-all	missing-exact-signed-dsc			gooroom-artwork-common_1.3.3+grm3u1.dsc		
gooroom-artwork-gnome-flashback	0.4.4+grm3u1	reuse-all	missing-exact-signed-dsc			gooroom-artwork-gnome-flashback_0.4.4+grm3u1.dsc		
gooroom-bootsplash-theme	1.0.0+grm3u1+han3u1	reuse-all	missing-exact-signed-dsc			gooroom-bootsplash-theme_1.0.0+grm3u1+han3u1.dsc		
gooroom-browser	3.5.0-1+grm3u3	rebuild-arm64	missing-exact-signed-dsc			gooroom-browser_3.5.0-1+grm3u3.dsc		
gooroom-client-server-register	1.1.1+han3u1	reuse-all	missing-exact-signed-dsc			gooroom-client-server-register_1.1.1+han3u1.dsc		
gooroom-dockbarx	1.3.0+grm3u3	reuse-all	missing-exact-signed-dsc			gooroom-dockbarx_1.3.0+grm3u3.dsc		
gooroom-dockbarx-applet	0.3.1+grm3u1+han3u1	rebuild-arm64	missing-exact-signed-dsc			gooroom-dockbarx-applet_0.3.1+grm3u1+han3u1.dsc		
gooroom-greeter	0.3.1+grm3u1+han3u2	rebuild-arm64	missing-exact-signed-dsc			gooroom-greeter_0.3.1+grm3u1+han3u2.dsc		
gooroom-guide	0.5.3+grm3u1+han3u1	rebuild-arm64	missing-exact-signed-dsc			gooroom-guide_0.5.3+grm3u1+han3u1.dsc		
gooroom-icon-themes	1.3.6+grm3u1+han3u2	reuse-all	missing-exact-signed-dsc			gooroom-icon-themes_1.3.6+grm3u1+han3u2.dsc		
gooroom-indicator-applet	0.3.0+grm3u1	rebuild-arm64	missing-exact-signed-dsc			gooroom-indicator-applet_0.3.0+grm3u1.dsc		
gooroom-info	3.3.0+grm3u1	reuse-all	missing-exact-signed-dsc			gooroom-info_3.3.0+grm3u1.dsc		
gooroom-integration-applet	0.3.1+grm3u1+han3u3	rebuild-arm64	missing-exact-signed-dsc			gooroom-integration-applet_0.3.1+grm3u1+han3u3.dsc		
gooroom-libsecurity-extensions	0.1.7+grm3u1	rebuild-arm64	missing-exact-signed-dsc			gooroom-libsecurity-extensions_0.1.7+grm3u1.dsc		
gooroom-logout	0.3.0+grm3u1	rebuild-arm64	missing-exact-signed-dsc			gooroom-logout_0.3.0+grm3u1.dsc		
gooroom-notice-applet	0.3.4+grm3u1	rebuild-arm64	missing-exact-signed-dsc			gooroom-notice-applet_0.3.4+grm3u1.dsc		
gooroom-notifyd	0.5.0+grm3u1	rebuild-arm64	missing-exact-signed-dsc			gooroom-notifyd_0.5.0+grm3u1.dsc		
gooroom-resource-access-control	1.4.9+grm3u1	reuse-all	missing-exact-signed-dsc			gooroom-resource-access-control_1.4.9+grm3u1.dsc		
gooroom-security-status-tools	0.3.9+grm3u1	rebuild-arm64	missing-exact-signed-dsc			gooroom-security-status-tools_0.3.9+grm3u1.dsc		
gooroom-security-utils	0.3.7+grm3u1	reuse-all	missing-exact-signed-dsc			gooroom-security-utils_0.3.7+grm3u1.dsc		
gooroom-session-manager	0.3.9+grm3u1+han3u2	rebuild-arm64	missing-exact-signed-dsc			gooroom-session-manager_0.3.9+grm3u1+han3u2.dsc		
gooroom-showdesktop-applet	0.2.0+grm3u1	rebuild-arm64	missing-exact-signed-dsc			gooroom-showdesktop-applet_0.2.0+grm3u1.dsc		
gooroom-software	3.30.6+5+grm3u6	rebuild-arm64	missing-exact-signed-dsc			gooroom-software_3.30.6+5+grm3u6.dsc		
gooroom-translations	20230728+han3u1	reuse-all	missing-exact-signed-dsc			gooroom-translations_20230728+han3u1.dsc		
gooroom-update	1.3.3+grm3u1	reuse-all	missing-exact-signed-dsc			gooroom-update_1.3.3+grm3u1.dsc		
gooroom-yelp-adjustments	0.3.10+han3u1	reuse-all	missing-exact-signed-dsc			gooroom-yelp-adjustments_0.3.10+han3u1.dsc		
gooroomsystem	1.1.3+grm3u1	reuse-all	missing-exact-signed-dsc			gooroomsystem_1.1.3+grm3u1.dsc		
gtk+2.0	2.24.33-2+grm3u1	rebuild-arm64	missing-exact-signed-dsc			gtk+2.0_2.24.33-2+grm3u1.dsc		
gtk+3.0	3.24.24-4+grm3u2	rebuild-arm64	missing-exact-signed-dsc			gtk+3.0_3.24.24-4+grm3u2.dsc		
hancom-gooroom-themepack	0.3.3+han3u1	reuse-all	missing-exact-signed-dsc			hancom-gooroom-themepack_0.3.3+han3u1.dsc		
hancom-toolkit	0.3.3+han3u1	rebuild-arm64	missing-exact-signed-dsc			hancom-toolkit_0.3.3+han3u1.dsc		
hancom-viewer-installer	0.2.2+han3u1	rebuild-arm64	missing-exact-signed-dsc			hancom-viewer-installer_0.2.2+han3u1.dsc		
hancomgrm-adjustments-utils	0.3.3+han3u1	rebuild-arm64	missing-exact-signed-dsc			hancomgrm-adjustments-utils_0.3.3+han3u1.dsc		
libnma	1.8.30-1+grm3u2	rebuild-arm64	missing-exact-signed-dsc			libnma_1.8.30-1+grm3u2.dsc		
lightdm	1.26.0-7+grm3u1	rebuild-arm64	missing-exact-signed-dsc			lightdm_1.26.0-7+grm3u1.dsc		
linux	5.10.179-1+grm3u1	rebuild-arm64	missing-exact-signed-dsc			linux_5.10.179-1+grm3u1.dsc		
linux-signed-amd64	5.10.179+1+grm3u1	rebuild-arm64	missing-exact-signed-dsc			linux-signed-amd64_5.10.179+1+grm3u1.dsc		
live-config	11.0.3+grm3u1	reuse-all	missing-exact-signed-dsc			live-config_11.0.3+grm3u1.dsc		
live-installer	2023.06.30+han3u1	reuse-all	missing-exact-signed-dsc			live-installer_2023.06.30+han3u1.dsc		
metacity	1:3.38.0-2+grm3u1	rebuild-arm64	missing-exact-signed-dsc			metacity_3.38.0-2+grm3u1.dsc		
mousetweaks	3.32.0-3+grm3u1	rebuild-arm64	missing-exact-signed-dsc			mousetweaks_3.32.0-3+grm3u1.dsc		
nautilus	3.38.2-1+deb11u1+grm3u8	rebuild-arm64	missing-exact-signed-dsc			nautilus_3.38.2-1+deb11u1+grm3u8.dsc		
network-manager	1.30.0-2+grm3u3	rebuild-arm64	missing-exact-signed-dsc			network-manager_1.30.0-2+grm3u3.dsc		
network-manager-applet	1.20.0-3+grm3u4	rebuild-arm64	missing-exact-signed-dsc			network-manager-applet_1.20.0-3+grm3u4.dsc		
nimf	2023.06.30+grm3u1	rebuild-arm64	missing-exact-signed-dsc			nimf_2023.06.30+grm3u1.dsc		
p7zip	16.02+dfsg-8+grm3u1	rebuild-arm64	missing-exact-signed-dsc			p7zip_16.02+dfsg-8+grm3u1.dsc		
pam-gooroom	0.4.3+grm3u1	rebuild-arm64	missing-exact-signed-dsc			pam-gooroom_0.4.3+grm3u1.dsc		
policykit-1	0.105-31+nDeb11u1+grm3u1	rebuild-arm64	missing-exact-signed-dsc			policykit-1_0.105-31+nDeb11u1+grm3u1.dsc		
qtbase-opensource-src	5.15.2+dfsg-9+grm3u1	rebuild-arm64	missing-exact-signed-dsc			qtbase-opensource-src_5.15.2+dfsg-9+grm3u1.dsc		
synaptic	0.90.2+grm3u3	rebuild-arm64	missing-exact-signed-dsc			synaptic_0.90.2+grm3u3.dsc		
system-config-printer	1.5.14-1+grm3u1	reuse-all	missing-exact-signed-dsc			system-config-printer_1.5.14-1+grm3u1.dsc		
yelp	3.38.3-1+han3u3	rebuild-arm64	missing-exact-signed-dsc			yelp_3.38.3-1+han3u3.dsc		
